rainfall_mm,fertilizer_kg,farm_size_hectares,crop_yield
1622.5225819654022,1124.5872323604056,708.423312104561,404
1390.3758888975888,1805.293678751579,858.7517121931955,556
897.6090074498791,1284.8204612395007,730.6964914657825,397
1278.9751282320892,2541.062578421883,460.511046017279,276
1891.2211078620246,692.4960000034196,915.6630477169617,546
889.8743812767259,2587.730017365284,709.8913697622987,422
744.3634649576918,2915.0044451984604,508.35478580416657,312
995.6612053466263,2451.842250337886,787.506091176979,414
1423.9498436578576,1721.1144015889524,698.8314048857328,359
1301.606719091761,1006.6081370012354,562.4605458925539,373
754.6225222867422,1578.3822422766416,689.7985327149287,443
724.3888147540102,968.6436614579318,921.884387527782,519
1498.242584386434,946.8576219344441,316.3740086643856,229
1912.3755675765128,2627.491034616693,1025.563501445442,572
695.5470115840247,2957.484337733281,245.71936629047775,174
1775.836428476782,415.32579485256025,96.80831924066288,197
961.9083202578959,688.525345423012,205.20147437703991,180
806.3591410292347,2812.4343741801777,-93.61444114848246,110
1745.8035568132948,783.4219678585994,1102.6941763473899,567
1361.2609316455334,2259.915983849237,364.2691845131014,276
634.9306076362319,2095.822527430229,1008.9699631211506,531
516.6354932427241,2774.2485841631706,582.2736299464373,340
1099.8168806922606,799.019926100228,372.7890012029815,304
902.2287097126919,2216.8243213994756,283.3713240609451,293
1533.820263145356,1210.650318508904,26.35752706094088,103
1227.6082213777763,1469.4342132270904,688.6877460032111,517
868.2624352718665,1748.2482003198431,318.97716698411267,219
1460.8945178861522,2931.294400518695,1138.4330330587277,602
1868.9902214166202,2942.420014373468,462.0133551316682,361
1347.6986486799722,2695.965331581808,500.98181696142564,368
1938.7995542244707,964.7687852445118,358.72067146392965,199
1593.8933877365725,376.4326331926562,846.2013486683173,472
1296.5441739547075,608.4627890772183,171.41313411435613,97
1721.2290068882992,1519.975731913632,483.3047446592646,351
959.3358395820347,717.5620832073203,178.09564692877507,149
1783.8980200567232,1382.6935415621836,627.6864022309702,347
470.0208406965203,2048.655832415769,1085.6140400493846,572
1233.1683435334683,953.0472696889397,591.2921011581855,329
1238.5331067418792,1561.3848266210218,760.7854161347786,417
1921.8412540240715,945.1597053719966,-29.040489297499562,113
1924.2847316759917,2118.6683361655687,810.8002357077072,521
1697.0839733144187,1595.125670917632,767.1207599181604,519
1541.0728452081464,2400.453790851091,190.50088139247052,208
526.1820965772519,2081.3938935755737,73.14523529751396,131
1609.9811650320626,2220.195952709397,409.5838000697845,201
1356.5369807878967,343.3959783289449,72.48464740833478,80
1088.8911004559548,973.0286831431179,380.61647744374204,255
594.3295569530446,544.5451179097245,496.76866514080496,351
1780.518588658444,748.2908978578052,261.2169025704677,236
1800.6014228062043,2233.088412935152,160.65339132189962,355
1886.3233912627893,2400.973451700982,315.1968578871871,310
1276.0010140245106,705.9179894905592,96.29457673655165,181
1059.5536556525958,1326.4772661753211,357.442823436469,201
659.6682434301256,1122.5553547470388,562.5796036251799,315
632.803566510128,2905.4229804827164,256.81121352158266,166
1576.151685050391,2096.5920590666233,859.1967184963803,456
1615.3280413025884,1490.135808135958,532.4712568428807,373
794.7249237567403,785.5040133313031,102.01215400749837,50
1655.8656876950076,1105.4962000419491,730.280263776049,559
1720.0995867922088,1264.7442686749416,-77.82351121255397,161
1351.7697039759407,1702.7747343848648,725.382980067157,517
1456.5900877894164,1786.4212216862293,299.5664299811591,295
1241.5193077266717,1502.4872983062482,958.9249667524947,535
1284.3805951590093,2794.935791417212,915.5675149406867,576
873.6623292860829,1300.752126266892,140.13554594405144,152
711.4781542564164,814.1412545914905,167.10807346030225,136
613.4957356988724,783.7988753139601,80.50724406055997,67
1467.251973810427,2201.1652769941684,725.6343927978451,444
1136.8981076312232,618.0560348079198,20.484485975339265,90
1790.0604185621137,1552.3485064989939,419.0212101188371,405
1757.9706437819218,1153.1861452278833,499.8709070486708,326
2003.0252745512737,1080.7482407690309,673.8451994042064,370
1655.1770173351426,90.50268772236518,858.9923428578379,534
788.5769097845175,682.4729013634807,898.8754677962091,405
1931.488469047904,837.7565054110133,386.8076184921814,285
1610.209808733087,2785.647016323349,609.1671085565658,462
1517.677163670182,1935.6770254050136,404.8574265282911,318
1563.3245216466357,2906.376972874532,181.41588052798562,159
1999.8675529960287,1270.296970276609,880.6932521713316,432
934.2942876420219,1611.5347511869606,505.25261115127796,320
260.3003330392812,1527.7534755331087,264.1042078248427,205
1435.7385597754705,758.3059585484768,668.9634711427253,370
1253.6771727405471,1283.8374805706046,469.2545460935453,261
1501.8876088894788,1767.5659282697018,612.623307248903,445
1849.390281944149,854.2215100711584,914.2626802865404,454
1452.2923825111664,755.8782932020988,275.7221857258122,117
1670.8254726529449,1805.6889251179637,16.721247547068373,145
1367.2588749624288,2500.3016898869264,1019.3674690373471,576
603.0575519753393,826.589321055298,110.3782061537863,59
620.8857046333104,1935.706677637062,205.48413898629573,180
733.5081431355063,2374.3389263087183,426.16165783687245,135
2024.9856816957029,808.242419663005,612.7938963770622,476
1567.1235014078477,2950.1509410001486,373.8094036085056,278
1495.8350767411441,1601.0077243988414,148.2396015860813,231
1400.9100771146377,1873.7338814771008,34.73788932831148,168
1083.5516025699258,2245.018349376996,388.21610472810426,278
571.842669031619,867.449349208256,788.0713917138515,375
1719.9329903414107,1647.5107012639985,106.34506272323623,176
655.5584958724373,2893.3999738248594,766.1625284098719,446
1203.2894298903716,1591.7131545709806,295.5279234413115,258
1070.9142084272496,2707.361206152669,437.0934963916191,312
1133.3251540465167,481.9219924823511,718.3213087022266,358
1139.3810178545089,706.3924836270587,55.29801313575163,116
1106.6046036663558,2601.9504278880713,79.04762044791141,172
1017.9622370846658,1743.6092800985102,537.0965682828669,350
1305.5847383821947,2516.234931720153,419.358862208893,313
1811.766802002717,2183.5918893022467,658.7201431787765,340
925.9280760116183,2849.09648673645,470.8016080678961,335
1189.7023209482159,1733.4299806522556,96.24362253953619,95
1333.5027936181118,1376.67275063291,124.97853563713943,153
562.4432244421565,2098.888874494692,247.42303974219382,116
897.5569564128235,2018.115346361008,690.0422700820677,478
1511.6441992331397,337.8562091866564,817.5381403221268,480
1426.9593788552138,1560.7936704804918,976.4271497920103,473
1523.6774725846037,458.27017158887963,126.8322221941996,170
1921.2206160547769,44.590765477528294,845.1670309729122,521
1739.769536754115,1439.3037571451475,846.9160901239676,511
951.2054100019842,2787.6947764448273,258.5895524849045,245
828.185354275763,1297.8075075350562,64.47541721068433,129
1165.6668581030947,828.385099532594,592.5791283281301,493
596.7004412864137,678.4388143696285,541.0630157134519,317
1613.4496296947527,734.8338326214953,777.4196626782094,566
1621.4396042795302,898.6512560804755,511.0104468900444,394
1687.1604912657413,265.3069893212099,482.51039878083895,296
1729.6118910468933,2456.1250863741307,350.68628926187773,318
1332.1823759758581,1594.3640156759186,-148.3879279732024,152
1322.5928885466828,2650.531659634726,361.9651161990803,246
1714.3844475555584,1965.0153901728174,252.9423962933405,197
1238.970193701973,2187.734391065972,494.57445178156496,381
2120.915700228417,1014.2989161276909,418.5359033229698,328
1044.1883130765782,1021.0705584874869,817.0847148409382,479
1609.2013901419896,659.109846748958,464.33695189422133,228
1693.0526085736192,2122.469085990444,813.0332995336511,593
1726.2811560108953,2139.5737543570394,-30.76857808628212,141
1781.3927671944698,729.7815903734526,-102.04853297807071,118
1433.8878832050382,2838.7857028770513,275.56322384193265,258
623.2816335960813,1155.781583723173,842.3024483767006,524
1617.6460251260091,1377.8871675343853,271.8717087459231,167
666.390154688717,402.8888256690825,76.11377863930312,53
1747.0188285369331,678.294312421164,-38.016527103685114,75
1054.825247349173,1207.7003449103304,626.5062683303906,397
455.89377127293164,2531.2197065967493,381.8871861409405,244
1792.3248851482658,1231.1003595141196,134.4690714404038,113
1617.8162148969789,815.1286128362251,36.25749599956548,92
890.7076901581091,2478.91275958485,529.9385979669454,321
1555.229994528831,1674.980146265399,807.1150254074166,487
1198.8382982611745,177.57768357966168,536.798734019122,348
1426.8799005090234,2121.640839727875,845.8462514884569,509
1716.0123123424519,256.48135238599826,957.411212066123,488
1469.533070316271,2493.009630496342,378.02929285692227,280
1422.7055309027062,426.0876095950999,509.98478222524074,364
1259.3514250384083,2406.3177591621497,158.12079983026328,177
1467.345305933332,1361.1677959929361,268.1158472653218,249
581.0283671564548,1643.9388936516796,799.1823563296567,516
1740.4320878258195,2103.942811058257,286.2469744488327,206
1125.11965671998,979.5659310638214,517.6011703964684,368
920.3178168383498,1859.5838001464735,857.650226632686,531
1230.946956755229,2464.2484537014393,-243.2940517888208,137
991.9810554151991,2876.2389705062747,997.6225181335967,587
1335.380651740168,1274.4116118547317,-8.523232694764275,107
1232.2493405687687,447.18678143358704,577.9112542223756,421
1107.6432336646692,256.81711422120986,414.8216587354321,265
783.4424675063252,1555.1043668031573,197.94747290586974,165
1436.2276138869267,2893.776975464246,340.1156506084774,341
912.3236098610796,2442.5951728934288,648.5797599614111,447
1337.513002965996,1708.1088237989736,343.12116780884065,307
1314.1699653175187,274.0549181786612,380.77377690789234,231
1852.4687192110173,1467.1202498433054,519.7747413489722,442
646.3458476429566,260.2295674143968,258.59001627203577,207
958.8852205955585,713.9146655550387,742.5937653068041,483
1752.9026232745753,1369.7612855720445,639.4435190623035,288
426.276486303708,1884.4983733007227,356.04703012831044,251
811.0326981103835,1438.588880586206,127.03834645090105,139
564.6644140922417,2784.891211949246,517.7413658520403,367
657.48601408217,664.50639238042,178.9925131526657,91
1295.9965856507542,1667.9409238127216,197.77692449261232,172
1170.7962807402942,347.0502762609946,512.8588682303393,248
620.849070756754,599.0590838827274,293.8598326149468,177
2088.070200434241,888.604085722033,1015.2398963419391,589
955.5065583102321,728.843228791203,641.7221941590406,342
1032.3787471137698,1681.540635266246,32.63967385054744,126
1512.5809267702516,1264.532216513915,125.90852241174271,143
763.0119429481222,247.98874563944014,856.3874489425625,512
1492.2854881530238,2686.408127278026,561.6087818442778,422
1791.3218448242615,963.2289891192653,505.1341162454402,267
739.8122090790868,1275.058629609752,588.3434816160343,372
828.3494566609147,170.0265751218934,1137.0393556748588,504
928.1718999575365,2257.7610745227553,349.7693316958656,152
1361.6708136188468,922.0867909306933,373.4744336172704,305
732.9366779878239,537.0802246108101,428.3035724185866,300
1677.408275410646,2927.4099733755293,327.28976726222106,285
1746.1325075624018,2224.8801497854333,548.3648931548048,435
1280.3157726443003,2407.1319837668857,621.9488427794275,368
1914.5343414157658,2163.569511354638,957.898111721265,596
484.8020837248965,940.2680165379728,418.0115631517078,276
1006.3051846875477,2554.147913509017,418.33487178118787,370
887.0819645081074,823.6399352135696,711.6666488797596,465
978.9444566330342,2523.2723945395705,682.6892956238507,466
1126.0858491410381,656.4950387291286,871.1717489200273,535
1031.1683755338145,341.5821964858245,5.573047129110876,113
1165.391044396365,2858.1946545556525,124.08690662332515,264
825.9776589384401,347.11853299005566,646.9708378269373,397
1937.1297038091736,837.2395903329669,888.1811515838881,492
577.387282449557,2545.0649841886934,769.5722560720419,484
1936.4742503906157,2471.147900216027,70.55247574146503,237
1460.719095685273,2847.5143570497708,128.8283301864138,249
1905.4643433208607,1142.0607503914146,124.11981566131104,223
863.3627783681522,797.8191889415319,614.2531454004352,311
527.8962402509537,1065.066482144246,438.63223700520723,136
777.0968445451617,2125.0957726821493,814.860952332796,398
551.7268820876164,668.7275590601022,192.93915501628896,138
1908.8969299904106,1548.44686628027,661.9802302930523,455
2082.407362727284,2569.311214175291,123.0566016883954,177
808.6922878177007,1313.3917711833212,711.4877939347374,493
1718.268669585842,1200.1163099405433,772.2444750731675,524
1765.77631064336,1568.4111490385008,610.5904943380478,420
1762.1482136561224,2687.6941887776234,521.986138324198,449
1937.7142442051506,1402.7820745434583,677.8192659618153,381
567.9555718178759,1979.254920368662,601.087367231611,397
1353.96291657471,290.9640597279911,650.4954516318087,455
1438.5359992969097,92.94568817149468,241.4613199560151,267
1029.3856280664809,835.6443293877543,176.68926525231694,121
1198.2076788264794,872.4110637744724,578.2077375039843,386
1335.6986666759592,1501.9649848493186,868.1094486113844,483
995.3545736820134,2943.995560370141,436.40617364201063,320
1448.508931516937,2126.434417192358,219.02279039431397,103
1957.3613116733852,710.0965748209535,275.91283449756037,236
1761.50336535212,1717.9702989052096,233.69974583512152,163
685.9154666223519,893.2649754758525,482.6660980017602,291
1638.3377946628787,807.6887530828126,720.1176445369484,452
1953.2948631610054,374.5135336903073,247.62999401922636,230
1213.9231567405266,1718.641946383604,864.7541158737806,508
1318.9094959495171,2486.0015487351425,502.4925797668885,322
1231.3966806674991,2709.811938354167,167.75782558256859,152
727.687378128103,2620.449388671667,152.9245564836579,284
1694.5217521910747,733.5712701242559,249.17341248299863,219
794.9047396005601,1641.221313278493,739.1878895009309,422
580.6737822362154,1558.9667732343037,38.41515692971531,91
1412.536232291902,1579.805091604987,521.8622096524709,309
1673.2114268904822,1824.7391790032937,785.7677782044345,486
1774.871726566167,1003.683752553569,451.41370192664806,242
1571.9831057134556,866.6668639478917,596.5595580421864,349
2101.519725631915,1423.271057950037,673.3126896600152,498
1876.7143334782727,323.4811766839594,705.3291810188646,528
867.4461786301052,1316.8720940730207,342.4122496783507,289
1079.1518910401985,2675.585578182917,429.6027398623066,371
1242.9111389048685,2640.3426624649533,585.3008541191314,402
1159.6428536615892,2854.0589318220805,377.18325918193375,301
615.1596901415793,2750.9483499229354,802.3561839621467,536
1125.3921683776214,1469.791526878129,259.79552523303823,252
1511.692466888471,1752.4420153811775,225.9046096286528,177
702.358937405033,1186.3983112316243,689.02213040399,323
873.0168277422396,2636.2927387184704,987.7721131398856,554
1445.1753817775448,2061.561180169749,799.4382498581101,568
829.4254368688858,805.8909279611463,854.0397156969588,479
1459.437767440826,1943.264898805052,922.476781490275,548
1161.5816873991325,2054.300326428582,494.64401911621565,290
952.1241246990448,1976.5358964192724,795.8604389826073,475
1580.1726102373127,1969.0213136491902,658.5778088304803,441
1377.3458688353257,2346.5272551852236,972.3219507497505,595
489.3735771614385,675.3939076164214,492.7091341009247,287
1814.9023550057993,1025.695084201823,968.7532206087393,537
873.3576105205732,571.6221660703471,25.108978582723427,62
1770.0118125108652,2820.748132300826,459.82992734385596,299
1949.8818853651105,1091.9231213697776,522.5474235589902,323
1457.531014091688,712.0744976448532,613.94517762252,431
759.7062447336641,2945.627243429177,722.2074339863436,465
1421.0622116027241,903.2729968748531,333.48115082318355,277
1716.2333225306688,1085.9015649416945,647.8636955528929,460
1268.6699303299827,406.3089282741089,62.17520382095539,56
1290.6546532770037,274.6671907999702,601.9502524642542,386
1601.1836878483282,1781.7569830559225,191.57680557998725,218
1855.1468386125678,1204.3632310750208,774.7599671982784,433
1340.3148252587089,204.3623045855927,209.75672111299053,190
1653.4668925062358,1050.9179526673395,691.3674928085804,488
1234.9755531699873,1261.6220542620322,548.1193326803512,374
1071.9703947914622,2244.026269482579,351.77877424743417,348
1965.5113318890942,1761.1299483901112,581.5492283721898,458
926.1020986961972,2757.17130682934,468.2500683334854,333
534.7047598984682,1005.1317621370599,459.5773944656863,355
1750.0267213751488,594.8643969480042,11.666350035081805,123
1645.7461561740442,2283.3648714759483,395.13510730133805,388
558.2204856262354,481.12493907948243,256.70782148078473,81
1163.7810922706733,1691.534816440814,331.7622471851917,275
1821.692502351868,2054.815699842577,391.10619955511726,234
1148.2653522207509,2388.4805547719566,384.05546048706395,288
1245.7842482896035,198.80016402170637,781.9167919484656,458
965.441215278755,1670.4970468291851,502.11383272382136,274
571.8171308445978,1272.4335440888685,401.8911547171935,212
631.1929819420333,685.3229112981053,89.00318096605056,75
1043.9606127185257,1463.3233957634359,661.870588908247,448
1560.51910759986,2605.012474760408,442.48894260325375,328
986.5999879651689,2499.6187073508004,687.6328344722215,391
1490.5834479206612,572.8613053850578,548.0955911731153,326
1426.1610255563126,2204.0614286763007,494.114708209302,290
1780.1385372364937,1517.0186034386288,715.3208722763293,451
1360.657693157053,2802.2958240349503,594.4867357409257,390
1597.9965815699732,1460.1528127630554,97.83053143799211,157
670.0699740768076,2040.6635106675333,169.5613973876894,184
1544.2987992023072,916.8645947921951,668.9336286497876,456
1874.4593956724354,1228.6632315568158,942.1211081830493,552
1555.186543148128,2273.032746162,745.8874810037738,514
596.1221812203286,1048.087111372825,337.7449288334238,250
1649.9984202111145,2051.7814414214135,456.9513864869669,329
1050.4647240202441,248.6634157877096,915.1001931291737,526
1415.6875609493502,1895.9599273869126,367.5558196857859,201
1826.3595566927468,1934.8505048972165,741.3423803277559,360
1608.6005902397326,261.6491952282583,437.35044062043,313
1464.8244580494404,1040.6326658532666,506.64412264880747,283
988.0014885069874,2196.3930124452427,193.31939728917175,120
1224.0922823736175,1795.6388071128738,64.11971684670203,159
1603.064613263779,1507.3475826127387,212.94575667163764,253
1701.2718417193137,331.67326612856226,281.72642497198296,177
1590.0398283602174,1160.8852085765743,869.4767482413752,492
493.51501929206086,694.3143637516539,777.1348739478591,429
1365.0408355206378,1782.9078655918456,413.777869444008,361
843.4661389491198,1200.5426404565674,104.9055513930195,92
796.608295083631,1120.79171142631,734.3374789443602,515
1708.6972800221872,1069.5070574613883,567.0324214251646,300
947.0043052837194,786.2913802586439,158.98150718293957,157
1171.0244101661228,2716.1436220504347,229.7000577700172,156
427.1036857619689,2497.1153869267187,180.56378939966032,150
1754.7663863272435,1146.8601684500472,623.0196761757004,334
1592.6737902485643,446.74011780452565,287.59333587003,162
1963.9609653852156,1930.9904506463745,770.0854749766165,450
1518.7596917285707,2221.3699143419867,384.483347373539,228
1299.1479506825399,2890.725771186,590.6478987698712,416
1231.026473957468,935.0833914801797,1053.0127699415307,523
933.5139837868028,616.1211669983611,81.22617164952705,108
688.4124318312197,595.3120013838262,1169.0181425472217,541
1585.7073991230932,752.0048109954191,201.2484377079567,100
1396.091180533257,2518.5350101920835,645.5382409070512,381
1369.3722534410037,2661.1077067419137,140.98831841128074,108
2049.9304794665436,2173.7041225659727,547.8915489779063,302
1720.8027624351546,1716.009460489106,586.7809950451249,379
822.2533169119021,2728.6230105667146,-15.993874720976322,116
587.7780810485091,192.0190286378903,990.8510855673179,466
1077.32684980082,2346.6364199187356,1155.065262605208,587
598.264187191734,799.1891662057252,304.88539515101377,289
1497.264369368353,1072.7332658670866,236.42921979014613,246
1580.1106072048965,1072.372007422523,148.70686847698602,136
995.9724146247952,1484.0437146357533,610.0678790867817,478
2066.529743383444,1061.3419424045192,364.9768037578771,215
1126.637110692189,1997.9401683483768,471.5603193234914,352
1375.7882244151492,2033.7161946676126,1021.5819923273675,467
1096.4489442415734,38.256711988712325,327.28738626208667,325
1908.7662173725307,1681.6879661337045,734.3036741878531,446
1577.9452875266995,814.9384330448876,375.8012302804244,218
1337.6021663953543,1900.3084905970193,76.12297629122357,98
1194.5934093101896,1896.7959427716441,766.4996899215255,462
1954.3704259081794,2535.3926731504407,445.7165397741933,300
2024.5087944249192,2630.052664776894,564.4756570602756,438
1433.2865664660135,80.57463413193611,283.8171594069677,188
1953.039027576659,2435.2823494106196,757.2582478661158,477
1172.1812003645202,839.8271482082965,676.4295410810633,394
621.6959162536219,777.2344915982146,779.8831160560237,373
1824.201452642471,746.1482598616644,256.9809355212376,127
1235.2820010609487,147.90410082224776,78.43989811695064,133
1513.9272950771854,2011.1301403442912,784.0659079581035,462
498.7824982940557,1624.9569234486555,121.44201835295078,110
1163.0622955843583,2621.3562248429744,824.7420026423557,493
362.5051736681851,1704.7093217556128,618.6304411061227,318
1548.784959972797,1654.2000635517854,773.7612780136769,458
1618.0323749752374,1316.116281561577,702.6241603193322,367
2056.506235598801,159.10733367163968,151.8121908779233,158
600.5896514102728,451.830907539783,468.4028407517637,251
1456.3288198234636,2415.143432812947,681.8771061095784,465
1399.7685026281042,927.4907520299174,227.26041206150725,280
947.8022798966969,2715.9062159718596,379.4536816270902,328
1614.9528312764223,916.8854225010299,745.3715659344829,421
1118.4060100035247,623.3833828764646,491.6049006141732,371
1665.420019153927,2129.586954031355,918.794661907665,559
1683.0719097461952,1554.0069552060825,420.10934368283785,335
1506.985517869442,2529.613025988193,233.49394261566073,210
965.5938629970091,351.2137738847095,207.2773425034227,184
596.227823883755,2824.2095765736144,265.378733612135,351
434.16712714508117,1314.1887251032122,795.0688057195143,517
706.6242679741886,1867.2068652171288,238.95125762481075,238
1720.748676860334,1821.4005354515598,573.5933918865741,361
1939.615964545651,2737.2656833688116,526.4830553146335,421
1197.2511696311449,2767.7693825175133,455.6362925955741,431
609.7620623835005,2738.6133941870944,212.91041825576576,97
1765.3599853495955,2795.688882709185,-55.629874071590294,154
607.7975111616079,1112.4654328918964,857.178016024454,512
926.389717886809,1207.2091136366907,653.5207010526751,337
1323.5803207253948,1600.5633872107558,643.2391052224824,317
884.4686445565685,1072.318721815128,668.2415268314428,421
1634.6031615214613,2696.0315835667902,539.0892726554862,426
494.41591746498716,1507.2151368629789,776.8001621523781,463
1970.3070692310166,964.3604535573553,699.9520666740726,486
1182.9741282317334,1913.7072836245388,843.6331576912129,504
1504.0222512374971,1712.7627536114535,12.400049552914716,124
1392.795582202199,2502.88551190852,525.3477213472604,381
1259.5849288330883,2086.221241662954,239.44236810311358,212
695.2001764112273,2937.765116090907,666.3182949437579,390
1845.2457242480364,1460.5894651625395,812.7426387726817,493
1105.7235216904128,1269.8008151736196,598.0227241689352,337
914.1451176085596,1262.2842412817258,-13.937159232404063,91
1399.5418679290856,132.7869806725434,608.690876071135,340
1178.2116358868102,1884.648347419321,486.4309673280411,359
690.1766959720729,1013.1706104105992,927.3530363949043,498
1484.0658194307427,3049.4298091360783,771.7505560957972,476
1417.8860077561606,1848.140733278327,49.217250426092534,120
1788.8446048322974,1610.9719593969767,704.5711281529408,368
518.3249857898287,536.2357874626779,935.7858635922206,509
1021.0652458038795,906.509851401993,515.5609373951893,356
689.5312976079938,1919.2198869902666,110.95509637637609,130
1445.0253162445165,1242.261549595307,311.57287366147284,192
881.2305134337621,2141.805016274777,446.93302022744166,269
1634.4887453726863,2578.6782615335055,61.378399949228395,143
1820.2142748286374,810.3826433271861,202.95256648981035,148
635.1393107254089,2096.3699633513966,629.1064256360944,479
1597.9147195310798,2251.8730864981753,624.0843764320055,422
1411.1538453215148,2374.6372732226287,303.31522565124396,251
1269.0457354837954,386.9244781308166,730.7399482065388,479
1722.2710516427858,2970.431215314579,657.7536752055215,382
702.7720188621499,1481.1613259017251,882.0214299956077,489
1533.3175697580234,2697.134273623518,609.1216676459769,491
1598.8213239950878,2857.1902630482205,875.4788471401324,561
563.2903667311716,1370.774314882943,857.2752508023666,526
1230.5459811816884,2674.91520324265,760.2988317712686,388
1488.6310291822426,1288.1539669272804,898.8999442685508,582
1683.2256983721077,2111.508991071825,169.12638218807734,194
1634.333095562931,662.0779969111844,510.51160305845406,365
922.3005981931072,3025.125334295678,70.21921216255538,125
637.8584724583969,1447.1945888164892,18.01112776651707,71
1343.9106144752184,2954.5297740387036,674.885929425602,339
1464.8772275841916,2409.8803621862353,781.2796676522659,482
665.2631621503734,1519.9674172413534,231.29576279367302,137
1917.1467464417785,237.33382238848677,869.3795373182828,420
778.1929521178863,374.61856511703115,408.9281921822522,240
1264.2219978940986,2180.0187256305076,701.4286607070164,341
1787.5563541052804,2601.9481342154654,901.930311170707,571
1405.0307809769563,868.3944136889286,889.5326241469935,551
1132.2984838000784,1072.1074172060921,830.8505593144362,543
1029.346193467424,706.5614082410449,-19.55245385032211,74
1082.872054221314,2985.8422345189615,15.148400398448288,145
1736.8986527263878,1693.5185938611796,354.1380748822938,296
1218.7040889968148,2679.80714720589,1035.6385844560507,590
1210.0343866583837,1314.78512114692,-35.46826783660016,100
2116.5438210195066,2136.2397177172734,107.336719552473,180
468.7129357770247,966.8853484705392,201.11810286454414,180
1299.638321189135,1678.4813739498527,792.9660582590586,531
707.4247430016093,2792.0715042058246,837.93300775868,515
1747.4339944285234,59.67418635930758,626.2077295780541,409
686.0443865853158,2417.2809532970327,888.2184952283951,531
454.13329077490266,1470.1164708379433,108.3770794317859,159
1002.543158253942,1329.3579788776226,295.80163048008853,255
974.8584954497011,2083.5946909264653,809.8012350879793,477
1590.9619756640177,2656.2488379099177,558.4114056035025,370
721.7487973858273,2109.765411118468,718.7685214726974,393
2000.5921762972735,2587.0069768723697,572.3910083158104,413
1251.6466481344303,1390.4473598991449,511.7614739053307,359
2146.4354145818816,1630.2871010565427,834.6017149910249,471
654.7756025746265,904.4891075660115,276.802333725734,272
1792.6294688892435,2091.347114927166,76.31788108886644,215
1466.9290115440413,2230.6718632567013,539.9389191270199,402
1533.7016404979424,1525.6975665956409,871.6518296419794,553
1775.8548501692921,1777.7491255817918,954.300466541071,526
820.1463673463364,205.58919543919234,658.6520860062369,365
1825.9422841288917,166.42228810219598,281.710955950986,93
970.7219172820278,1011.7757762076574,820.4144293104071,503
1581.2512934310125,2848.5940020803387,524.5543509225749,332
1308.4358912931548,1029.7754569151246,-162.47884884122715,106
1325.7297373800097,524.0005584638883,637.1878438631898,358
740.7585144209345,973.4376374373004,552.6351875732335,358
1743.0682199183398,1897.8874239396343,367.6842055697825,301
1792.5450714333763,2276.5441171907664,570.205299058458,407
1915.1915889208278,1000.9602762292311,-31.919546814560448,142
917.1645104994801,1704.0917623325415,560.140243702378,334
1684.5322389798546,1363.164094068623,298.5808477633519,197
853.6988324562763,1555.9773971879335,848.06285131108,544
1885.0044239950348,895.6300541631381,521.609783793764,320
1078.0663769731273,1784.0608363208576,916.46648117283,578
443.709871206049,380.7756218758488,960.299512088745,523
1292.4004506904964,2576.558132667376,869.7392427581589,496
910.1393502991525,1710.792772462392,358.56881883874416,369
1837.6495696801192,2506.6167766172507,467.11215414183073,306
1731.708363739185,1144.9362529142165,41.91476257850155,234
1372.8663765062158,2666.2019570974758,30.923215389816054,135
623.0752111559952,2900.918566014577,312.8964352875587,369
1957.0307445006692,1779.0415693953946,121.35005951464399,103
717.3127644985929,763.5850821986305,288.84542479698456,196
621.158749008574,1718.4287302639034,67.78715691385241,77
1514.345734392939,1224.8767720959474,538.0828768577173,358
1112.2104007834296,1190.779350327451,450.1439081692562,302
893.9365342532349,2634.9238407809594,548.6360114095417,376
1385.46385476512,251.01724592003518,764.7613702769759,427
1303.2705146553462,1539.6977421531553,206.55018021331097,167
752.4604976370438,2121.3567060263877,698.2254743406706,422
1428.6954918551241,2307.715386803442,695.5066694684742,442
2160.696867685109,924.1799786145759,475.1151664899269,392
1803.8597769227972,672.70579432653,-45.55505529475474,98
1533.6013693757443,620.7155080977731,646.3826691029158,467
1028.4551302544521,3113.478433332912,160.4909436904154,150
1768.2316170054344,2353.4786100450456,532.8810649588004,363
1636.0580170682497,1908.895022089741,142.82729947707776,121
1162.0082757940568,2741.3258385823337,1035.663556530856,573
1639.0150448534491,1400.2771986417595,737.0090401019846,471
1888.0067346930698,2677.531879426539,641.4701120225728,413
683.814364024808,487.9086502851827,339.0909239925569,234
1438.7090569529025,795.9289518342578,418.38073833364825,261
1054.6984459324663,2618.433199065374,84.27691641568126,140
897.0148380363545,2048.786521398026,492.9134636151613,276
525.1520802422978,1686.6029090928582,768.0469942085883,387
748.1001115468163,1732.235422509449,966.3313109214325,531
1685.9119405199597,2736.592382640659,299.59263608828877,321
2079.595278328822,246.3857607897798,892.2402095889745,508
1150.7379284989804,2565.746202591388,893.6344015582695,568
1506.4595120303463,1622.3018099000383,339.5801219050097,238
1572.9615773964758,1843.102687690879,367.14157536597395,253
917.9979185152752,2507.6609861530246,781.3648144183774,565
603.0036871676781,1529.4874723180062,1171.360013445325,564
1389.2489720087926,686.4239558731256,546.9983770119065,307
1538.800179434636,1901.792010464875,457.81069790689145,364
722.3130695740256,1418.6658923486966,453.29117525362005,250
1684.1563011518263,1505.2702400066673,207.81417117688085,217
1306.1390423465825,1518.5757131229268,565.7375375563295,340
571.8682486549341,1259.704150347024,230.4400855809442,295
1866.939600522571,801.4866913116252,813.4055935852588,551
898.4271952381732,2695.1043222448056,306.9638432955178,394
1055.7318675302981,567.142417780075,433.91366742025724,218
1025.0864976479695,2822.790144813153,677.7865498345436,417
1954.7951429273662,1342.9963844055465,493.9969466256387,385
917.6967014301956,1560.3786719076586,886.7586014361644,568
1526.328433833436,1085.9348797492923,-118.14306859508065,145
1218.7936759792383,1591.3052627398815,677.7089729811493,424
656.4466440144414,565.7303871503959,9.48252980128565,80
1292.334544713616,2561.7596895846577,899.2999719874772,522
742.5819273436682,2923.625708032754,126.24985340585424,155
1043.241745320786,759.5884762191241,257.9052760289119,152
604.2566903351328,149.258507631617,560.5488650206764,280
530.9809107669923,2425.0160653439857,1026.1443144759128,573
1447.9380186930728,2144.1200518470564,954.8522512561859,576
1825.2776837969222,374.11523490782406,750.8249023847782,431
964.3051461395016,917.852424942067,500.9636289480917,261
1387.5268628837812,517.471664559156,821.0383712481433,465
432.0696241507071,1450.1729526067875,510.6208268464749,298
1923.3085470404537,1825.9899083883283,839.0295146063282,454
807.6136176879508,1427.383523149407,1035.9058343569907,536
628.6851162498432,1955.9282092234678,83.41009952216137,115
1369.9053550407284,831.3940981369822,223.74513245636547,147
912.3530575092559,864.3020799932771,244.4569068157271,180
1705.894679978251,1992.4876571167258,871.4678924352331,501
1309.843001153992,778.8995945094396,29.161910927361042,113
857.8089531016225,916.663043292296,1146.3541842276277,536
861.1961689911178,718.104809767509,939.2758623882343,540
570.5080147658937,1459.3059411004383,752.1914239657666,453
1037.4816097467447,2151.945099158103,91.8062871248093,147
1994.4930415535416,1647.7789476952398,688.5563202223507,390
762.9801445372505,15.107211454197298,643.7116099118352,418
493.2028067996496,1723.2860572341679,589.6653539762182,357
1119.5757673658336,146.31475314781855,783.2372364730173,371
649.733727821269,2422.355338636169,777.2142853487046,504
1868.584269012934,1191.0850884072568,130.34516953163146,190
921.4264954472306,883.0599713827838,850.597334779473,440
574.3100931099941,2404.3606528181995,890.8560031911225,528
1957.615474986869,1395.2925297956176,475.6894371318794,320
467.9790875042389,2762.6900825270045,823.1052554108073,457
1085.5811457505167,654.4352688085762,367.4021050235022,183
1036.3696739227576,1758.8919713075418,910.5723657272542,540
1533.2421699557897,1920.3311525891727,-10.651233465073702,114
1774.36047900118,1042.1074223785192,401.957215870238,317
1183.9794319889631,2580.1155881788377,551.7331086908407,349
1574.6953468564873,1118.8754686464588,492.55503187917236,245
983.9314094908668,627.4950475429223,674.912340497857,386
1258.8908253381571,2581.11530879574,173.90419452480037,166
1097.2379057055803,1169.8334892896191,654.9164726531557,427
1248.7150831548795,866.6582066915436,321.7953327914929,229
1355.381909396316,1923.4848670768936,46.360793921105284,140
687.8879909240334,2026.2598078770532,896.5887146123818,481
939.5720612339,2452.0656854545427,683.7729975735613,428
1392.541530993412,844.2411478900242,844.8288754908519,436
551.6866592854666,538.4590686307276,61.12377414181169,76
691.8698566510053,2070.7144655837183,913.3146195518269,502
1033.338189510252,1554.5146685092443,688.9995150977802,465
1514.6899323119374,1468.900715350329,784.1415994107738,464
705.0724852603765,1932.7984371797831,330.87294212917584,244
1280.8619714738861,2463.8700803974384,763.2709314334151,500
1819.255791841413,2871.5292923359593,440.1363502708347,327
1068.2485603232665,1462.3510186278304,671.3558374246048,345
820.1988585161364,2543.273111123949,718.5330312577147,411
1213.3291672550333,3198.0137300079364,826.8640591664737,547
560.9947666107371,231.34493332635788,135.91579773468106,167
1330.5465191162893,1615.3691431601155,126.36143557154857,121
1028.1879444674798,1416.0414031802582,646.9320238871487,384
1260.429452708504,798.403767796413,302.62135259582504,394
1339.443270750576,1677.8132523952986,90.93817842039215,137
1290.2410973595856,2431.4643444461703,390.79093122594765,274
1155.081519136776,428.98810994585995,871.9230112842833,420
1228.3603996040256,613.3256090879318,144.27103574297635,87
984.6811264317823,-3.4033828603188,981.14784741346,473
1670.5916499488822,424.3560268516108,636.5691082647427,410
1564.4122599785678,1619.3624878098901,1.8884688629581277,111
913.680025180151,1239.9278368637465,353.6696018549739,322
1242.4109421463088,2862.9326312762137,913.8566013772224,554
1595.1793108604297,1845.01611696696,315.8932185708117,244
2034.5202578872675,865.1598216934543,920.8475110185273,528
830.6177546061456,1776.2847379720897,287.7452046191314,264
1495.50361313346,2766.3958510689745,159.19927413601505,155
