,Region,Surface area,Population in thousands,Population density,Sex ratio,GDP: Gross domestic product,GDP growth rate,GDP per capita,Economy: Agriculture,Economy: Industry,Economy: Services and other activity,Employment: Agriculture,Employment: Industry,Employment: Services,Unemployment,Agricultural production index,Food production index,International trade: Exports,International trade: Imports,International trade: Balance,"Balance of payments, current account",Population growth rate,Urban population,Urban population growth rate,"Fertility rate, total",Refugees and others of concern to UNHCR,Infant mortality rate (per 1000 live births,Health: Total expenditure,Health: Physicians,Education: Government expenditure,Seats held by women in national parliaments %,Mobile-cellular subscriptions,Mobile-cellular subscriptions .1,Individuals using the Internet,Threatened species,Forested area,CO2 emission estimates,"Energy production, primary",Energy supply per capita,Pop. using improved sanitation facilities,Female labour participation,Male labour participation,Life Expectancy Female,Life Expectancy Male,Population Age 0-14,Population Age 60+,Primary Enrolment Female,Primary Enrolment Male,Secondary Enrolment Female,Secondary Enrolment Male,Tertiary Enrolment Female,Tertiary Enrolment Male,Improved Drinking Water Urban,Improved Drinking Water Rural
0,17,652864.0,35530,54.4,106.3,20270,-2.4,623.2,23.3,23.3,53.3,61.6,10.0,28.5,8.6,125,125,1458.0,3568.0,-2110.0,-5121.0,3.2,26.7,4.0,5.3,1513.1,68.6,8.2,0.3,3.3,27.7,61.6,8.3,42,2.1,0.3,63,5,78.2,21.43,19.3,83.6,63.5,61.0,43.2,4.1,91.1,131.6,39.7,70.7,3.7,13.3,45.1,27.0
1,18,28748.0,2930,106.9,101.9,11541,2.6,3984.2,22.4,26.0,51.7,41.4,18.3,40.3,15.8,134,134,1962.0,4669.0,-2707.0,-1222.0,-0.1,57.4,2.2,1.7,8.8,14.6,5.9,1.3,3.5,22.9,106.4,63.3,130,28.2,2.0,84,36,94.9,2.96,40.2,61.0,79.9,75.6,17.4,19.0,111.7,115.5,92.5,98.8,68.1,48.7,95.5,90.2
2,9,2381741.0,41318,17.3,102.0,164779,3.8,4154.1,12.2,37.3,50.5,10.8,34.5,54.7,11.4,160,161,29992.0,47091.0,-17099.0,-27229.0,2.0,70.7,2.8,3.0,99.8,27.7,7.2,0.0,0.0,31.6,113.0,38.2,135,0.8,3.7,5900,55,84.3,0.05,17.0,70.7,76.5,74.1,29.3,9.4,112.7,119.5,101.7,98.1,45.1,28.9,89.8,82.2
3,18,468.0,77,163.8,102.3,2812,0.8,39896.4,0.5,10.8,88.6,-99.0,-99.0,-99.0,-99.0,-99,-99,100.0,1355.0,-1255.0,-99.0,-1.6,85.1,0.1,1.2,-99.0,-99.0,8.1,3.7,3.3,32.1,88.1,96.9,13,34.0,6.4,1,119,100.0,-99.0,-99.0,0.0,-99.0,0.0,14.4,19.0,-99.0,0.0,-99.0,0.0,-99.0,0.0,100.0,100.0
4,8,1246700.0,29784,23.9,96.2,117955,3.0,4714.1,6.8,51.2,42.0,4.2,37.6,58.2,6.6,175,176,21011.0,8790.0,12221.0,-10273.0,3.5,44.1,5.0,6.0,45.7,65.4,3.3,0.0,0.0,38.2,60.8,12.4,146,46.5,1.4,3902,25,75.4,0.42,59.8,77.1,63.0,57.4,46.8,4.0,100.4,156.9,22.7,35.1,8.2,10.4,88.6,22.5
5,0,91.0,15,165.7,97.6,320,2.9,21879.6,2.3,15.7,82.0,0.0,0.0,0.0,0.0,-99,-99,2.0,154.0,-153.0,-48.0,1.2,100.0,1.2,0.0,0.0,-99.0,-99.0,-99.0,0.0,-99.0,177.9,76.0,52,61.1,9.8,0,136,94.6,-99.0,0.0,0.0,0.0,0.0,23.3,7.6,-99.0,0.0,-99.0,0.0,-99.0,0.0,97.9,0.0
6,15,2780400.0,44271,16.2,95.9,632343,2.4,14564.5,6.0,27.8,66.2,2.0,24.8,73.1,6.5,119,119,57733.0,55610.0,2124.0,-15944.0,1.0,91.8,1.0,2.3,5.0,13.7,4.8,3.8,5.3,38.9,143.9,69.4,256,10.0,4.7,3167,85,99.0,0.01,48.6,74.4,79.8,72.2,24.9,15.4,109.8,110.2,110.3,103.4,102.9,63.5,96.2,98.3
7,20,29743.0,2930,102.9,88.8,10529,3.0,3489.1,19.0,28.3,52.8,35.0,15.7,49.3,16.6,135,135,1776.0,3230.0,-1455.0,-279.0,0.3,62.7,-0.1,1.6,19.3,13.2,4.5,2.8,2.8,9.9,115.2,58.2,114,11.7,1.8,48,46,100.0,3.17,55.3,74.2,77.0,70.6,20.0,16.9,98.5,98.5,89.0,88.1,46.9,41.6,96.2,78.2
8,0,180.0,105,584.8,90.4,2702,0.1,26005.4,0.5,15.4,84.1,0.6,14.0,85.1,0.0,-99,-99,95.0,1117.0,-1022.0,96.0,0.5,41.5,-0.3,1.8,0.0,14.8,-99.0,-99.0,6.2,-99.0,135.7,88.7,32,2.3,8.4,1,120,98.1,-99.0,58.8,69.6,77.8,72.9,17.9,19.7,115.4,119.1,112.1,110.3,21.4,9.4,97.7,97.7
9,12,7692060.0,24451,3.2,99.3,1230859,2.4,51352.2,2.5,26.5,71.1,2.7,21.2,76.1,5.5,111,111,189630.0,189406.0,224.0,-57746.0,1.5,89.4,1.5,1.9,58.2,3.9,9.4,3.4,5.2,28.7,132.8,84.6,948,16.2,15.3,15282,222,100.0,-99.0,58.4,70.7,84.4,80.2,19.0,21.0,102.1,102.3,133.6,141.3,106.3,75.4,100.0,100.0
10,21,83871.0,8736,106.0,96.2,376967,1.0,44117.7,1.3,28.3,70.4,4.7,25.6,69.7,6.2,108,108,145503.0,149299.0,-3795.0,7020.0,0.6,66.0,0.4,1.4,166.4,3.3,11.2,5.2,5.5,30.6,157.4,83.9,118,46.9,6.9,505,158,100.0,-99.0,54.6,65.8,83.5,78.4,14.1,25.1,102.2,103.7,97.6,102.4,89.2,74.3,100.0,100.0
11,20,86600.0,9828,118.9,99.3,53049,0.7,5438.7,6.7,49.9,43.4,36.7,14.2,49.1,5.2,131,136,9143.0,8532.0,611.0,-222.0,1.3,54.6,1.6,2.1,623.3,31.4,6.0,3.4,2.6,16.8,111.3,77.0,97,13.5,3.9,2459,61,94.7,0.14,62.0,68.8,74.6,68.6,23.3,10.1,105.6,107.4,-99.0,0.0,27.5,23.6,91.6,86.6
12,0,13940.0,395,39.5,95.9,8854,-1.7,22817.2,1.6,12.7,85.7,3.9,14.2,81.9,14.7,132,132,365.0,2904.0,-2539.0,-1409.0,1.4,82.9,1.5,1.8,0.1,9.1,7.7,0.0,0.0,13.2,80.3,78.0,86,51.4,6.3,0,90,98.4,-99.0,69.4,79.1,78.1,72.0,20.5,13.5,0.0,0.0,0.0,0.0,-99.0,0.0,92.0,92.0
13,20,771.0,1493,1963.9,168.3,31126,2.9,22600.2,0.3,40.7,59.0,1.0,33.4,65.6,1.3,167,167,12892.0,14749.0,-1856.0,1124.0,2.0,88.8,1.7,2.1,0.4,6.9,5.0,0.9,2.7,7.5,185.3,93.5,36,0.8,23.0,961,413,100.0,-99.0,38.5,84.9,77.5,75.6,19.7,4.6,101.8,100.6,101.9,102.4,59.4,30.9,99.2,99.2
14,17,147570.0,164670,1265.0,101.7,194466,6.6,1207.9,15.5,28.1,56.3,40.6,19.1,40.3,4.0,141,140,36031.0,52624.0,-16593.0,2687.0,1.2,34.3,3.6,2.2,233.0,33.3,2.8,0.4,1.9,20.3,83.4,14.4,151,11.0,0.5,1438,11,86.5,1.24,43.2,81.1,72.9,69.8,28.4,7.3,125.1,116.0,67.4,59.8,11.4,15.4,57.7,62.1
15,0,431.0,286,664.5,91.9,4385,0.9,15429.4,1.7,12.1,86.2,2.8,19.3,77.9,11.3,88,88,517.0,1621.0,-1104.0,-248.0,0.3,31.5,0.1,1.8,0.0,9.6,7.5,0.0,6.6,16.7,116.5,76.1,56,14.7,4.5,2,59,99.7,0.0,61.8,70.0,77.7,72.9,19.1,21.0,94.2,93.1,110.7,107.9,90.6,40.3,96.2,96.2
16,5,207600.0,9468,46.7,87.0,54609,-3.9,5750.8,7.5,38.9,53.6,9.6,32.0,58.4,0.5,122,122,23414.0,27464.0,-4050.0,-2037.0,0.0,76.7,0.0,1.6,7.9,3.6,5.7,4.1,4.9,34.5,123.6,62.2,25,42.5,6.7,155,122,99.9,0.2,54.0,67.8,77.7,66.5,16.7,21.3,101.3,101.4,106.4,107.8,100.7,75.9,94.1,95.2
17,21,30528.0,11429,377.5,97.3,455107,1.5,40277.8,0.7,22.2,77.1,1.2,21.2,77.6,8.3,108,107,398033.0,372713.0,25321.0,1936.0,0.6,97.9,0.5,1.8,63.8,3.5,10.6,3.0,6.6,38.0,115.7,85.1,37,22.6,8.3,520,196,100.0,-99.0,48.1,58.9,83.0,78.0,17.1,24.6,104.2,104.2,177.7,156.4,85.4,65.0,99.5,99.4
18,1,22966.0,375,16.4,99.2,1721,1.2,4789.4,14.6,18.5,66.9,16.1,15.9,67.9,11.5,97,97,246.0,952.0,-706.0,-175.0,2.2,44.0,1.9,2.6,3.1,14.3,5.8,0.0,6.4,9.4,48.9,41.6,117,60.1,1.4,9,36,98.9,1.68,56.7,83.8,72.7,67.2,31.4,6.2,110.4,115.8,81.8,79.8,28.7,17.9,93.5,88.2
19,19,114763.0,11176,99.1,99.5,8476,5.2,779.1,23.2,24.9,51.9,43.2,10.2,46.6,1.0,152,158,410.0,2630.0,-2220.0,-885.0,2.8,44.0,3.7,5.2,0.8,67.7,4.6,0.1,4.4,7.2,85.6,6.8,88,38.7,0.6,96,17,85.2,5.09,70.0,73.4,61.4,58.5,42.7,5.0,123.7,134.2,46.8,66.7,8.4,22.4,35.6,7.3
20,10,53.0,61,1227.0,91.4,5853,0.4,94399.9,0.7,5.3,94.0,1.6,10.3,87.6,6.7,115,115,8.0,971.0,-963.0,817.0,-0.6,100.0,0.2,1.5,-99.0,-99.0,-99.0,-99.0,1.7,-99.0,58.0,98.3,72,20.0,9.2,1,136,-99.0,-99.0,72.6,80.0,85.1,77.5,14.8,24.9,89.4,91.3,75.5,67.7,34.1,14.7,-99.0,0.0
21,17,38394.0,808,21.2,113.1,2074,5.2,2677.1,17.2,43.9,38.8,56.6,9.7,33.7,2.4,98,98,616.0,1688.0,-1072.0,-579.0,1.6,38.6,3.7,2.2,-99.0,30.5,3.6,0.3,7.4,8.5,87.1,39.8,71,72.0,1.3,75,82,100.0,5.26,59.4,73.5,68.9,68.6,26.5,7.3,96.9,96.6,87.1,81.4,9.2,12.6,77.9,33.1
22,15,1098581.0,11052,10.2,100.2,32998,4.8,3076.8,12.6,31.0,56.5,29.5,21.1,49.4,3.8,142,143,6969.0,8374.0,-1405.0,-1854.0,1.6,68.5,2.3,3.0,0.8,42.9,6.3,0.5,7.3,53.1,92.2,45.1,231,50.8,1.9,962,32,96.7,2.38,64.1,82.6,70.2,65.3,31.6,9.5,95.7,98.5,85.7,87.1,0.0,0.0,60.8,27.5
23,0,-99.0,25,77.4,-99.0,-99,-99.0,-99.0,-99.0,-99.0,-99.0,-99.0,-99.0,-99.0,-99.0,-99,-99,-99.0,-99.0,-99.0,-99.0,3.2,74.7,2.4,-99.0,0.0,-99.0,-99.0,-99.0,-99.0,-99.0,-99.0,-99.0,56,-99.0,13.3,0,208,-99.0,-99.0,-99.0,0.0,-99.0,0.0,-99.0,0.0,-99.0,0.0,-99.0,0.0,-99.0,0.0,-99.0,0.0
24,18,51209.0,3507,68.8,96.4,16251,3.1,4265.0,7.3,26.5,66.2,18.0,30.4,51.7,25.4,96,97,5327.0,9130.0,-3803.0,-923.0,-1.0,39.8,0.1,1.3,157.6,7.6,9.6,1.9,-99.0,21.4,90.2,65.1,91,42.7,5.8,252,85,99.7,2.2,34.3,57.5,78.8,73.7,14.1,23.4,-99.0,0.0,-99.0,0.0,-99.0,0.0,98.9,92.0
25,16,582000.0,2292,4.0,97.7,14391,-0.3,6360.6,2.4,33.4,64.2,25.7,14.9,59.4,18.6,110,110,7321.0,6103.0,1218.0,1120.0,1.8,57.4,1.3,2.9,2.8,35.2,5.4,0.4,0.0,9.5,169.0,27.5,28,19.3,3.2,47,44,99.2,0.46,73.6,81.6,66.1,59.8,31.4,6.4,105.8,109.4,0.0,0.0,27.7,19.2,78.5,43.1
26,15,8515767.0,209288,25.0,96.6,1772591,-3.8,8528.3,5.2,22.7,72.0,15.2,21.5,63.2,12.4,135,136,185235.0,137552.0,47683.0,-58882.0,0.9,85.7,1.2,1.8,41.1,15.8,8.3,1.9,6.0,10.7,126.6,59.1,990,59.2,2.6,10948,61,100.0,0.06,56.0,78.2,78.4,71.0,21.7,12.6,113.8,116.8,102.2,97.2,59.3,42.4,88.0,51.5
27,0,151.0,31,208.0,97.1,908,-1.1,30144.5,1.0,11.1,87.8,0.0,0.0,0.0,-99.0,103,103,0.0,444.0,-444.0,-99.0,2.0,46.2,1.8,0.0,0.0,-99.0,-99.0,-99.0,6.6,-99.0,145.8,37.6,67,24.1,6.0,0,85,0.0,-99.0,-99.0,0.0,0.0,0.0,0.0,0.0,-99.0,0.0,-99.0,0.0,-99.0,0.0,97.5,97.5
28,14,5765.0,429,81.3,106.0,12930,-0.6,30552.7,1.1,60.2,38.7,0.6,19.4,80.1,2.1,157,157,4875.0,2679.0,2197.0,2071.0,1.4,77.2,1.8,1.9,20.5,6.5,2.6,1.5,4.4,9.1,108.1,71.2,193,72.1,21.8,679,357,-99.0,-99.0,50.6,75.0,78.4,75.1,23.0,8.0,108.2,108.1,96.3,95.9,38.6,23.5,-99.0,0.0
29,5,111002.0,7085,65.3,94.6,48953,3.0,6846.8,5.1,27.6,67.2,6.5,29.4,64.1,8.1,117,119,26088.0,28875.0,-2787.0,196.0,-0.6,73.9,-0.3,1.5,33.7,8.3,8.4,4.0,4.1,19.2,129.3,56.7,104,35.1,5.9,474,103,99.6,-99.0,48.5,60.1,77.8,70.8,14.2,27.7,96.7,97.7,97.4,100.5,82.9,65.4,86.8,83.7
30,19,272967.0,19193,70.2,99.5,11065,4.1,611.1,34.5,21.8,43.7,80.0,4.9,15.1,2.9,131,134,2019.0,3699.0,-1680.0,-998.0,3.0,29.9,5.9,5.6,32.7,64.8,5.0,0.0,4.1,11.0,80.6,11.4,31,19.8,0.1,123,9,97.5,9.11,76.5,90.5,59.3,58.0,45.2,3.9,86.1,89.9,32.2,35.1,3.8,7.3,50.4,6.7
31,3,27830.0,10864,423.1,96.9,2735,-4.1,244.6,36.3,13.9,49.8,91.1,2.6,6.3,1.7,109,122,123.0,625.0,-502.0,-375.0,3.0,12.1,5.7,6.0,103.2,77.8,7.5,0.0,5.4,36.4,46.2,4.9,61,10.6,0.0,56,6,91.1,11.91,84.6,82.7,58.0,54.2,45.0,4.4,124.5,123.1,40.5,44.5,2.4,7.7,43.8,48.6
32,19,4033.0,546,135.6,99.3,1603,1.5,3080.2,9.5,19.8,70.7,27.2,11.5,61.3,10.5,98,98,29.0,485.0,-455.0,-73.0,1.2,65.5,2.0,2.5,0.1,22.5,4.8,0.3,5.0,23.6,127.2,43.0,65,22.1,1.0,2,17,94.0,9.81,53.7,84.6,74.0,70.1,30.2,6.9,106.9,112.8,98.3,87.7,25.2,18.1,81.6,54.3
33,14,181035.0,16005,90.7,95.3,18050,7.0,1158.7,28.2,29.4,42.3,42.4,19.6,38.0,0.3,175,177,13204.0,15313.0,-2109.0,-1657.0,1.6,20.7,2.6,2.7,0.3,29.9,5.7,0.2,1.9,20.3,133.0,19.0,255,54.3,0.4,178,17,100.0,3.97,75.6,87.0,69.6,65.5,31.3,7.1,116.2,117.1,0.0,0.0,11.8,14.3,88.1,30.5
34,8,475650.0,24054,50.9,100.2,28416,5.8,1217.3,22.7,28.3,49.1,61.8,8.7,29.5,4.6,155,160,2130.0,4899.0,-2768.0,-1173.0,2.7,54.4,3.6,5.0,544.9,67.5,4.1,0.0,3.0,31.1,71.8,20.7,775,40.3,0.3,408,14,94.8,2.31,71.1,81.2,57.7,55.1,42.7,4.8,110.7,123.5,53.5,62.6,15.2,19.7,61.8,26.8
35,10,9984670.0,36624,4.0,98.5,1552808,0.9,43205.6,1.8,28.6,69.6,2.1,19.5,78.4,7.1,109,109,388911.0,402954.0,-14043.0,-53083.0,1.0,81.8,1.2,1.6,155.8,4.7,10.4,2.5,5.3,26.3,81.9,88.5,122,38.2,15.1,19276,324,100.0,-99.0,60.7,69.9,83.8,79.7,16.0,23.5,101.1,100.1,110.0,109.8,0.0,0.0,100.0,99.0
36,8,622984.0,4659,7.5,97.3,1633,4.8,333.2,34.9,24.8,40.4,72.2,4.3,23.4,6.9,114,113,213.0,147.0,66.0,-99.0,0.4,40.0,2.6,5.1,470.5,93.5,4.2,0.0,1.2,8.6,20.4,4.6,60,35.6,0.1,19,5,89.6,32.25,71.9,84.6,51.0,47.8,43.2,5.5,79.8,107.3,11.8,23.0,1.5,4.1,43.6,7.2
37,8,1284000.0,14900,11.8,100.2,10009,6.6,713.0,25.4,39.0,35.6,76.6,2.0,21.4,5.8,146,151,1990.0,1371.0,619.0,-99.0,3.3,22.5,3.4,6.3,512.3,91.2,3.6,0.0,2.8,12.8,40.2,2.7,43,4.0,0.0,288,6,71.8,5.74,64.0,79.3,52.8,50.5,47.1,4.0,88.0,114.6,14.0,30.7,1.1,5.7,31.4,6.5
38,15,756102.0,18055,24.3,98.2,240796,2.3,13416.2,3.9,32.8,63.3,9.6,22.9,67.5,6.8,111,111,59884.0,58804.0,1080.0,-4761.0,0.9,89.5,1.1,1.8,3.7,7.4,7.8,0.0,4.9,15.8,129.5,64.3,197,23.4,4.7,540,85,99.7,0.02,50.7,74.7,81.3,76.2,20.3,16.0,100.0,103.3,101.3,100.0,94.4,83.0,100.0,90.9
39,4,30.0,623,20821.6,92.3,46178,-20.3,78586.4,-99.0,6.6,93.4,0.3,17.7,82.1,3.2,86,86,1257.0,8924.0,-7668.0,11557.0,2.3,100.0,1.8,1.2,0.0,3.0,-99.0,-99.0,2.0,-99.0,324.4,77.6,11,-99.0,2.2,2,62,-99.0,-99.0,65.6,76.4,86.2,80.3,13.3,16.1,99.7,101.1,95.9,97.0,86.3,65.2,-99.0,0.0
40,4,9600000.0,1409517,150.1,106.3,11158457,6.9,8109.1,9.2,41.1,49.7,27.0,23.9,49.1,4.6,132,133,2118981.0,1588696.0,530285.0,330602.0,0.5,55.6,3.0,1.6,301.7,11.6,5.5,1.5,-99.0,23.7,93.2,50.3,1080,22.0,7.5,101394,87,97.5,0.0,63.0,77.7,77.2,74.2,17.7,16.2,104.3,104.0,95.6,93.2,47.3,39.9,86.6,63.7
41,15,1141748.0,49066,44.2,96.8,292080,3.1,6056.1,6.8,34.0,59.2,13.5,16.6,69.9,10.5,114,115,31045.0,44831.0,-13786.0,-18922.0,1.0,76.4,1.7,1.9,7127.0,17.9,7.2,0.0,4.5,18.7,115.7,55.9,835,52.8,1.8,5380,31,96.8,0.47,58.0,79.8,77.4,70.2,23.5,11.6,111.6,115.4,101.5,94.8,59.9,51.5,85.2,67.9
42,3,2235.0,814,437.4,101.8,1079,4.8,1368.9,30.7,4.0,65.3,62.0,5.2,32.8,20.0,107,107,20.0,193.0,-173.0,0.0,2.4,28.3,2.7,4.6,0.0,58.1,6.7,0.0,4.3,6.1,54.8,7.5,114,20.1,0.2,3,6,92.6,12.05,35.7,79.5,64.5,61.2,39.8,4.9,99.5,106.8,62.4,58.4,8.0,9.8,48.3,30.9
43,8,342000.0,5261,15.4,100.1,8493,1.2,1838.1,4.7,70.0,25.3,40.7,25.8,33.5,11.5,106,106,2540.0,9793.0,-7253.0,0.0,2.6,65.4,3.2,4.9,54.9,46.5,5.2,0.0,0.0,7.4,111.7,7.6,134,65.4,0.7,648,24,95.8,1.05,67.1,72.6,64.1,61.0,42.3,5.2,114.8,107.0,50.6,58.4,8.3,11.1,20.0,5.6
44,1,51100.0,4906,96.1,100.1,52958,3.7,11015.0,5.1,21.5,73.4,11.6,19.1,69.3,8.6,127,129,9908.0,15322.0,-5414.0,-2493.0,1.1,76.8,2.7,1.9,10.1,9.3,9.3,1.2,7.2,35.1,150.7,59.8,340,53.4,1.6,110,44,99.6,0.22,46.9,76.5,81.7,76.7,21.6,13.6,109.5,110.1,125.6,120.7,60.9,46.6,95.2,92.3
45,18,56594.0,4189,74.9,93.1,48676,1.6,11479.4,4.1,26.6,69.3,9.2,26.8,64.0,11.7,91,91,13648.0,21830.0,-8182.0,2492.0,-0.4,59.0,0.1,1.5,15.5,3.9,7.8,3.1,4.6,19.9,103.8,69.8,176,34.3,4.0,182,79,99.6,0.0,46.3,58.4,80.4,73.6,14.7,26.8,98.1,97.8,100.6,95.9,79.8,58.8,97.8,95.8
46,0,109884.0,11485,107.9,100.1,87206,4.4,7656.6,5.0,20.5,74.5,12.9,11.7,75.3,3.0,100,101,18000.0,4911.0,13089.0,-99.0,0.2,77.1,0.1,1.7,0.4,5.5,11.1,7.5,0.0,48.9,29.6,31.1,339,30.2,3.0,212,47,96.4,0.0,42.1,68.3,81.3,77.1,16.0,20.1,94.9,100.1,102.7,98.2,43.0,30.1,94.4,89.1
47,20,9251.0,1180,127.7,100.2,19561,1.7,21941.9,2.3,10.6,87.2,4.1,16.7,79.2,10.3,80,80,1920.0,6604.0,-4684.0,-576.0,0.9,66.9,0.9,1.4,16.2,4.2,7.4,2.5,6.1,17.9,95.4,71.7,72,18.7,5.2,5,72,100.0,-99.0,57.8,70.4,82.2,77.7,16.8,18.5,99.3,99.3,99.4,100.1,69.4,51.1,100.0,100.0
48,5,78868.0,10618,137.5,96.7,185156,4.5,17561.7,2.5,37.8,59.7,2.5,37.0,60.5,3.9,102,102,161248.0,140316.0,20932.0,1683.0,0.1,73.0,0.3,1.5,6.0,2.5,7.4,3.7,4.1,20.0,129.2,81.3,53,34.5,9.2,1221,164,100.0,-99.0,51.3,67.8,81.2,75.1,15.4,25.6,99.9,99.6,106.1,105.1,76.3,54.2,99.1,99.2
49,4,120538.0,25491,211.7,95.7,16283,-1.1,648.0,21.6,46.2,32.2,58.9,19.3,21.8,4.3,104,103,1010.0,2757.0,-1748.0,-99.0,0.5,60.9,0.7,2.0,-99.0,18.5,-99.0,2.8,-99.0,16.3,12.9,0.0,78,42.8,1.6,871,20,99.9,-99.0,73.6,85.9,74.1,67.2,20.6,13.5,76.9,76.7,93.9,92.9,19.8,36.0,87.9,72.5
50,8,2344858.0,81340,35.9,99.6,37569,7.0,486.2,19.9,44.2,35.9,65.3,5.9,28.9,3.6,104,104,5103.0,5906.0,-803.0,-1546.0,3.3,42.5,4.0,6.4,2163.3,73.2,4.3,0.0,2.2,8.9,53.0,3.8,349,67.4,0.1,1179,16,81.1,8.01,70.4,71.8,59.5,56.7,46.3,4.7,101.8,112.0,33.3,53.6,4.2,9.1,28.5,28.7
51,11,42921.0,5734,135.1,99.0,301308,1.6,53149.3,1.2,22.9,75.8,2.4,19.2,78.4,6.0,105,105,94355.0,85133.0,9222.0,27582.0,0.5,87.7,0.6,1.7,48.2,3.5,10.8,3.6,8.6,37.4,128.3,96.3,47,14.4,5.9,666,119,100.0,-99.0,58.1,66.0,82.2,78.1,16.5,25.3,100.7,102.3,133.4,128.3,96.3,69.7,99.6,99.6
52,3,23200.0,957,41.3,100.7,1737,6.5,1956.3,3.3,21.4,75.3,22.8,23.9,53.2,6.6,133,133,134.0,987.0,-852.0,-548.0,1.7,77.3,1.6,3.1,19.9,55.3,10.6,0.2,0.0,10.8,34.7,11.9,98,0.2,0.8,3,13,97.4,0.0,36.5,68.5,63.2,60.0,31.1,6.4,60.9,68.6,43.5,52.9,4.0,5.9,59.8,5.1
53,0,750.0,74,98.6,103.0,512,-1.8,7051.1,15.4,13.2,71.5,0.0,0.0,0.0,0.0,110,111,23.0,214.0,-191.0,-72.0,0.5,69.5,0.8,0.0,-99.0,-99.0,5.5,0.0,-99.0,25.0,106.3,67.6,66,58.1,1.9,0,29,95.7,2.36,0.0,0.0,0.0,0.0,0.0,0.0,114.8,117.2,99.8,101.2,-99.0,0.0,0.0,0.0
54,0,48671.0,10767,222.8,99.2,67103,7.0,6373.6,6.6,28.0,65.4,13.1,16.9,70.0,14.4,136,138,3747.0,22725.0,-18978.0,-1335.0,1.2,79.0,2.6,2.5,1.3,25.1,4.4,1.5,0.0,26.8,82.6,51.9,184,40.4,2.1,28,28,85.4,0.43,52.3,78.6,76.4,70.2,29.3,10.2,98.7,108.1,81.7,74.1,65.0,35.4,86.2,75.7
55,15,257217.0,16625,66.9,99.9,100177,0.2,6205.1,10.1,34.1,55.8,25.7,19.2,55.1,5.8,118,119,16798.0,16189.0,609.0,-2201.0,1.6,63.7,1.9,2.6,133.1,21.1,9.2,1.7,5.0,41.6,79.4,48.9,2358,50.8,2.8,1247,42,93.4,0.31,49.1,79.9,78.4,72.8,28.4,10.5,107.9,107.4,109.2,105.3,45.3,34.6,87.0,80.7
56,9,1002000.0,97553,98.0,102.3,315917,4.2,3452.3,11.2,36.3,52.5,25.4,25.3,49.3,11.5,120,122,22507.0,58053.0,-35545.0,-16786.0,2.2,43.1,1.7,3.4,256.5,18.9,5.6,0.8,0.0,14.9,111.0,35.9,156,0.1,2.2,3509,36,100.0,0.78,23.1,76.2,73.0,68.7,33.5,7.9,103.8,104.1,85.9,86.3,35.6,36.9,96.8,93.1
57,1,21041.0,6378,307.8,88.5,25850,2.5,4219.4,10.8,25.8,63.3,18.6,20.2,61.2,6.4,111,117,5335.0,9855.0,-4519.0,-920.0,0.5,66.7,1.4,2.2,4.7,17.0,6.8,0.0,3.5,32.1,145.3,26.9,86,13.0,1.0,86,28,97.5,0.36,49.5,79.5,77.1,67.9,27.4,11.6,106.8,111.4,79.7,79.2,30.5,27.7,82.4,60.0
58,8,28052.0,1268,45.2,124.0,13812,-7.4,16344.1,1.2,73.1,25.7,18.8,18.0,63.2,7.7,117,118,7443.0,5456.0,1987.0,-99.0,4.2,39.9,3.1,5.0,-99.0,70.0,3.8,0.0,-99.0,24.0,66.7,21.3,177,56.3,6.5,841,87,72.5,0.15,71.5,91.8,58.4,55.5,37.2,4.4,78.2,80.0,0.0,0.0,0.0,0.0,79.9,71.0
59,3,117600.0,5069,50.2,100.4,4783,4.8,914.9,17.2,23.5,59.3,57.0,7.6,35.4,7.3,109,109,16.0,3325.0,-3310.0,-99.0,2.0,22.6,5.1,4.4,2.3,45.0,3.3,0.0,0.0,22.0,7.0,1.1,122,15.0,0.1,27,7,73.2,0.0,77.8,90.1,65.6,61.4,41.8,5.3,45.9,53.2,28.1,32.9,1.7,3.4,44.6,7.3
60,11,45227.0,1310,30.9,88.2,22460,1.4,17112.0,3.4,27.4,69.2,3.8,29.0,67.3,7.2,136,136,13952.0,15759.0,-1807.0,493.0,-0.3,67.5,-0.4,1.6,84.2,3.2,6.4,3.3,5.5,26.7,148.7,88.4,23,52.7,14.8,242,193,100.0,-99.0,55.4,69.4,81.2,71.8,16.4,25.9,98.5,98.3,114.7,115.6,84.8,55.4,97.5,96.6
61,3,1104300.0,104957,105.0,99.7,59917,9.6,602.8,40.5,16.0,43.5,70.5,8.4,21.1,5.7,158,157,1724.0,19121.0,-17397.0,0.0,2.6,19.5,4.9,4.6,745.7,45.8,4.9,0.0,4.5,38.8,42.8,11.6,148,12.5,0.1,1308,15,93.1,5.28,77.1,89.1,65.5,61.9,40.6,5.3,97.2,106.9,34.4,35.9,5.3,10.9,27.2,28.2
62,15,12173.0,3,0.2,110.5,-99,-99.0,-99.0,-99.0,-99.0,-99.0,-99.0,-99.0,-99.0,1.2,96,105,4.0,17.0,-13.0,-99.0,0.3,76.2,1.0,-99.0,-99.0,-99.0,-99.0,-99.0,-99.0,-99.0,163.5,98.3,23,0.0,18.9,0,257,-99.0,-99.0,77.2,86.0,-99.0,0.0,16.4,15.7,-99.0,0.0,-99.0,0.0,-99.0,0.0,-99.0,0.0
63,11,1393.0,49,35.3,107.2,-99,-99.0,-99.0,-99.0,-99.0,-99.0,0.0,0.0,0.0,4.0,102,102,1192.0,976.0,216.0,0.0,0.2,42.0,0.5,2.4,-99.0,-99.0,-99.0,-99.0,-99.0,-99.0,127.3,94.2,21,0.1,12.4,1,182,-99.0,-99.0,79.4,86.0,84.5,78.3,21.0,22.5,-99.0,0.0,-99.0,0.0,-99.0,0.0,-99.0,0.0
64,6,18272.0,906,49.6,103.1,4391,3.6,4921.9,11.3,18.1,70.7,21.3,2.9,75.8,7.7,88,88,926.0,2316.0,-1391.0,-72.0,0.7,53.7,1.5,2.6,0.0,16.0,4.5,0.0,3.9,16.0,108.2,46.3,291,55.4,1.3,8,26,99.5,2.46,37.0,71.2,72.9,66.9,28.5,9.9,105.1,106.0,93.4,84.3,0.0,0.0,93.4,88.4
65,11,338440.0,5523,18.2,97.2,231960,0.2,42148.1,2.5,26.8,70.6,4.2,22.0,73.8,8.9,101,101,57326.0,60502.0,-3176.0,-979.0,0.4,84.2,0.5,1.8,32.6,2.3,9.7,3.0,7.2,42.0,135.5,92.7,36,73.1,8.6,757,257,100.0,-99.0,54.5,61.7,83.7,77.7,16.4,27.8,101.4,101.7,156.3,142.8,95.6,79.3,99.4,88.0
66,21,551500.0,64980,118.7,96.7,2418946,1.3,36304.2,1.7,19.5,78.8,2.7,20.5,76.8,9.8,103,103,488885.0,560555.0,-71670.0,-4861.0,0.4,79.5,0.8,2.0,356.2,3.4,11.5,3.2,5.5,25.8,102.6,84.7,278,30.8,4.7,5694,158,100.0,-99.0,50.3,59.4,85.0,78.8,18.1,25.7,105.0,105.7,111.2,110.1,71.0,57.9,98.6,98.9
67,15,83534.0,283,3.4,100.0,-99,-99.0,-99.0,-99.0,-99.0,-99.0,-99.0,14.9,58.3,21.3,120,120,-99.0,-99.0,-99.0,-99.0,2.8,84.4,2.8,3.5,-99.0,9.3,-99.0,-99.0,-99.0,-99.0,-99.0,-99.0,73,98.9,2.8,3,50,94.5,-99.0,48.4,58.8,82.6,76.1,33.2,8.4,-99.0,0.0,-99.0,0.0,-99.0,0.0,94.9,75.8
68,13,4000.0,283,77.3,103.7,5135,1.6,18161.0,2.8,11.9,85.2,8.9,16.9,74.2,17.0,98,98,173.0,1491.0,-1319.0,208.0,0.7,55.9,0.9,2.1,-99.0,6.9,-99.0,-99.0,-99.0,-99.0,94.9,64.6,175,42.3,2.9,1,43,100.0,-99.0,46.4,63.0,78.6,74.0,23.3,11.9,-99.0,0.0,-99.0,0.0,-99.0,0.0,98.5,98.5
69,8,267668.0,2025,7.9,105.6,13735,3.9,7960.7,3.8,54.5,41.7,16.2,19.1,64.8,18.1,97,92,2851.0,2930.0,-79.0,0.0,3.3,87.2,2.7,4.0,2.9,40.8,3.4,0.0,2.7,17.1,168.9,23.5,270,88.5,3.1,559,64,97.2,0.73,40.7,58.3,65.8,63.1,35.9,6.4,139.9,144.0,-99.0,0.0,0.0,0.0,43.4,31.5
70,19,11295.0,2101,207.6,98.0,942,4.7,473.2,21.1,14.9,64.0,30.4,14.4,55.2,29.7,82,82,32.0,471.0,-439.0,0.0,3.1,59.6,4.3,5.6,7.9,49.8,7.3,0.0,2.8,9.4,131.3,17.1,67,48.1,0.3,7,7,94.2,12.35,72.2,82.6,61.6,59.1,45.3,3.8,96.8,90.1,0.0,0.0,2.5,3.7,61.5,55.0
71,20,69700.0,3912,56.3,91.4,13965,2.8,3491.4,9.0,24.1,66.9,44.7,11.2,44.1,11.4,85,86,2114.0,7236.0,-5122.0,-1775.0,-1.4,53.6,-0.1,2.0,274.1,11.2,7.4,4.8,2.0,16.0,129.0,45.2,120,40.6,2.2,61,47,100.0,3.3,57.9,79.0,77.0,68.5,19.2,20.8,118.2,115.5,103.8,103.6,47.8,39.2,95.2,75.9
72,21,357376.0,82114,235.6,97.0,3363600,1.7,41686.2,0.6,30.5,68.9,1.4,27.5,71.2,4.2,111,111,1340752.0,1060672.0,280080.0,279969.0,0.2,75.3,0.2,1.4,1052.1,3.4,11.3,4.1,5.0,37.0,116.7,87.6,116,32.7,8.9,5004,158,100.0,-99.0,54.5,66.1,82.9,77.9,13.1,28.0,104.7,105.2,99.6,105.6,66.8,69.7,99.3,99.0
73,19,238537.0,28834,126.7,99.3,37156,3.9,1355.6,19.0,26.9,54.1,41.9,14.2,43.8,5.9,144,144,7221.0,11939.0,-4718.0,-2809.0,2.4,54.0,3.4,4.2,27.3,46.5,3.6,0.0,6.2,12.7,129.7,23.5,238,40.9,0.6,410,14,92.6,4.81,75.7,78.8,62.6,60.7,38.5,5.3,108.7,107.3,61.1,63.1,13.2,19.1,20.2,8.6
74,18,131957.0,11160,86.6,96.9,194860,-0.2,17788.0,4.1,15.7,80.2,12.9,15.0,72.1,23.0,86,87,27811.0,47595.0,-19784.0,218.0,-0.4,78.0,0.5,1.3,94.7,3.3,8.1,6.3,0.0,18.3,114.0,66.8,374,31.2,6.1,368,89,100.0,-99.0,44.1,60.1,83.3,78.0,14.2,26.5,97.1,98.1,103.4,109.5,113.7,114.0,99.2,98.1
75,10,2166086.0,56,0.1,112.1,2078,0.3,36976.7,10.0,15.9,74.1,4.6,12.6,82.5,9.7,99,99,553.0,623.0,-71.0,-99.0,-0.1,86.4,0.7,2.0,-99.0,-99.0,-99.0,-99.0,-99.0,-99.0,106.5,67.6,23,0.0,9.0,2,154,100.0,-99.0,-99.0,0.0,73.4,68.7,21.0,13.2,-99.0,0.0,-99.0,0.0,-99.0,0.0,100.0,100.0
76,0,345.0,108,317.1,100.9,954,6.2,8933.8,8.3,13.9,77.8,-99.0,-99.0,-99.0,0.0,103,103,30.0,350.0,-320.0,-213.0,0.4,35.6,0.3,2.2,0.0,9.6,6.1,0.0,0.0,33.3,112.2,53.8,54,50.0,2.3,0,35,99.0,2.55,-99.0,0.0,75.6,70.8,26.3,10.5,102.9,106.8,99.0,99.4,97.9,84.5,97.5,98.3
77,0,1705.0,450,266.0,86.4,-99,-99.0,-99.0,-99.0,-99.0,-99.0,3.3,13.5,65.5,26.1,100,100,-99.0,-99.0,-99.0,-99.0,0.0,98.4,0.5,2.0,-99.0,5.8,-99.0,-99.0,-99.0,-99.0,-99.0,-99.0,73,43.0,5.5,5,80,99.3,-99.0,49.6,56.5,84.0,76.8,18.6,23.6,-99.0,0.0,-99.0,0.0,-99.0,0.0,97.0,89.5
78,1,108889.0,16914,157.8,96.9,63794,4.1,3903.5,10.8,27.2,62.0,32.0,18.5,49.4,2.4,158,158,10572.0,16987.0,-6415.0,-96.0,2.1,51.6,3.4,3.2,1.8,26.9,6.2,0.0,3.0,12.7,111.5,27.1,290,33.4,1.1,327,32,98.4,0.66,41.7,84.0,75.6,69.2,35.1,6.9,99.8,103.8,63.3,67.9,23.5,20.2,77.5,49.3
79,19,36125.0,1861,66.2,96.9,978,4.8,530.0,45.0,14.5,40.5,60.1,5.8,34.1,6.5,137,138,885.0,212.0,673.0,-53.0,2.6,49.3,4.1,4.9,8.8,80.4,5.6,0.0,2.2,13.7,69.3,3.5,77,70.5,0.1,25,17,98.8,9.03,67.4,78.5,57.7,54.3,41.5,4.9,0.0,0.0,0.0,0.0,-99.0,0.0,33.5,8.5
80,19,245857.0,12717,51.8,100.6,8875,0.1,703.9,19.8,32.8,47.4,69.7,7.4,22.9,6.8,130,131,1753.0,2082.0,-329.0,-1240.0,2.3,37.2,3.8,5.1,9.2,65.7,5.6,0.0,3.2,21.9,87.2,4.7,185,26.0,0.2,113,12,92.7,8.65,79.4,85.1,58.4,57.4,42.3,5.2,83.8,98.6,30.7,46.8,6.7,14.9,34.1,11.8
81,15,214969.0,778,4.0,101.9,3282,3.1,4278.8,17.6,31.7,50.6,18.4,25.4,56.2,11.3,142,143,1453.0,1625.0,-172.0,-144.0,0.6,28.6,0.8,2.6,0.0,33.2,5.2,0.0,3.2,31.9,67.2,38.2,94,84.0,2.6,7,46,98.2,0.97,41.9,77.0,68.6,64.0,29.0,8.6,83.9,86.9,89.0,89.7,16.8,8.2,87.9,82.0
82,0,27750.0,10981,398.4,97.8,8501,1.7,793.7,16.7,38.2,45.1,46.9,12.6,40.6,12.9,163,166,984.0,3316.0,-2332.0,-723.0,1.4,58.6,3.8,3.1,1.9,46.9,7.6,-99.0,-99.0,2.6,69.9,12.2,205,3.5,0.3,136,16,64.9,11.73,62.0,71.7,64.4,60.2,33.0,7.3,-99.0,0.0,-99.0,0.0,-99.0,0.0,33.6,19.2
83,1,112492.0,9265,82.8,99.4,20365,3.6,2521.9,13.0,25.1,61.9,29.4,21.6,49.0,5.6,122,119,3657.0,8448.0,-4791.0,-1291.0,1.8,54.7,3.1,2.6,176.2,27.8,8.7,0.0,5.9,25.8,95.5,20.4,301,42.1,1.2,105,28,97.4,2.86,47.6,84.5,75.4,70.4,31.6,7.0,110.1,111.3,77.0,64.8,25.4,18.8,86.7,77.7
84,5,93024.0,9722,107.4,90.7,121715,3.1,12350.6,4.1,31.9,64.0,4.3,29.8,65.9,4.5,99,99,103071.0,92044.0,11027.0,3946.0,-0.3,71.2,0.5,1.3,14.4,4.9,7.4,3.3,4.7,10.1,118.9,72.8,66,22.8,4.3,423,97,100.0,-99.0,46.6,62.4,78.8,71.7,14.3,26.0,101.3,101.9,105.3,105.1,56.7,45.3,97.8,98.6
85,11,103000.0,335,3.3,100.7,16780,4.2,50936.0,6.4,24.0,69.7,4.0,17.7,78.2,3.6,117,117,4450.0,5703.0,-1254.0,854.0,0.6,94.1,1.3,2.0,0.5,1.6,8.9,3.8,7.8,47.6,114.0,98.2,27,0.5,6.1,284,952,100.0,-99.0,70.3,77.2,83.8,80.6,20.1,20.1,98.6,99.7,121.0,116.3,103.1,60.2,98.7,100.0
86,17,3287263.0,1339180,450.4,107.6,2116239,7.6,1614.2,17.0,29.7,53.2,44.3,24.5,31.2,3.4,143,142,260327.0,356705.0,-96378.0,-22457.0,1.2,32.7,2.4,2.4,211.1,41.3,4.7,0.7,3.8,11.8,78.8,26.0,1052,23.7,1.7,23103,27,97.1,0.16,27.0,79.1,69.1,66.2,27.8,9.4,115.1,102.8,74.5,73.5,26.7,27.0,62.6,28.5
87,14,1910931.0,263991,145.7,101.4,861934,4.8,3346.5,14.0,41.3,44.7,31.4,22.4,46.2,5.8,139,140,144490.0,135653.0,8837.0,-17697.0,1.2,53.7,2.7,2.4,13.8,25.0,2.8,0.2,3.6,19.8,132.4,22.0,1281,50.6,1.8,19481,35,94.2,0.0,51.0,83.7,70.7,66.6,27.4,8.6,104.4,107.2,86.0,85.7,25.7,22.9,72.3,47.5
88,17,1628750.0,81163,49.8,101.2,398563,0.4,5038.1,8.6,39.1,52.3,16.6,32.5,50.9,11.3,106,107,45627.0,35333.0,10294.0,-99.0,1.2,73.4,2.1,1.7,978.3,14.8,7.5,1.5,2.9,5.9,93.4,44.1,134,6.6,8.3,13291,127,97.7,0.02,16.3,73.2,76.2,74.0,23.7,8.8,111.7,106.3,88.9,89.4,67.7,75.9,92.8,82.3
89,20,435052.0,38275,88.1,102.5,164234,-2.4,4509.0,4.6,58.0,37.4,20.4,21.0,58.6,16.1,123,123,27341.0,45831.0,-18490.0,4121.0,3.2,69.5,3.0,4.6,4736.2,32.1,5.5,0.9,-99.0,25.3,93.8,17.2,72,1.9,4.8,6744,58,93.8,0.88,15.3,69.9,71.4,67.0,40.4,5.0,0.0,0.0,0.0,0.0,0.0,0.0,86.4,83.8
90,11,69797.0,4762,69.1,98.4,283716,26.3,60513.6,1.0,41.7,57.3,4.8,17.7,77.4,7.6,102,102,129315.0,76997.0,52318.0,28967.0,0.3,63.2,1.6,2.0,10.5,3.4,7.8,2.8,5.3,22.2,103.7,80.1,50,10.9,7.3,84,114,97.9,-99.0,51.9,67.1,83.0,78.7,21.6,19.1,102.0,100.9,129.4,125.6,87.6,80.1,89.1,92.9
91,11,572.0,84,147.9,98.2,-99,-99.0,-99.0,-99.0,-99.0,-99.0,0.0,0.0,0.0,2.6,-99,-99,-99.0,-99.0,-99.0,-99.0,0.8,52.2,0.8,-99.0,-99.0,-99.0,-99.0,-99.0,-99.0,-99.0,-99.0,-99.0,3,6.1,0.0,0,3,-99.0,-99.0,57.5,69.3,-99.0,0.0,16.0,26.9,-99.0,0.0,-99.0,0.0,-99.0,0.0,-99.0,0.0
92,20,22072.0,8322,384.5,98.7,299413,2.5,37129.4,1.3,21.2,77.5,1.0,17.9,81.0,5.9,112,112,60571.0,65803.0,-5232.0,13642.0,1.6,92.1,1.4,3.0,44.7,3.4,7.8,3.6,5.8,27.5,133.5,78.9,174,7.5,8.1,313,119,100.0,-99.0,58.5,69.0,83.7,80.0,27.9,16.1,105.1,104.4,103.0,102.0,75.5,54.6,100.0,100.0
93,18,302073.0,59360,201.8,95.1,1821580,0.7,30462.4,2.2,23.5,74.2,3.5,27.1,69.4,11.4,89,89,461529.0,404578.0,56951.0,29348.0,-0.1,69.0,0.4,1.4,216.7,3.0,9.2,3.9,4.1,31.0,151.3,65.6,359,31.4,5.4,1539,103,100.0,-99.0,39.2,57.8,84.7,79.9,13.5,29.4,100.6,101.4,101.7,104.1,72.2,53.2,99.5,99.6
94,0,10990.0,2890,266.9,99.0,14262,1.0,5105.8,7.1,22.3,70.5,17.9,15.3,66.8,13.1,102,102,1202.0,4767.0,-3565.0,-400.0,0.4,54.8,0.9,2.1,0.0,15.0,5.4,0.0,5.5,17.5,111.5,43.2,311,31.0,2.7,8,37,97.5,0.42,58.1,72.7,77.9,73.1,22.7,13.6,0.0,0.0,85.1,79.2,34.6,20.1,79.9,84.1
95,4,377930.0,127484,349.7,95.4,4383076,1.2,34628.7,1.2,26.4,72.4,3.7,26.5,69.8,3.0,96,97,644932.0,606924.0,38008.0,135608.0,-0.1,93.5,0.6,1.4,19.4,2.2,10.2,2.3,3.6,9.3,125.0,93.3,404,68.5,9.6,1114,146,100.0,-99.0,48.9,69.7,86.4,80.0,12.9,33.4,101.2,101.3,101.9,101.6,60.9,65.7,100.0,100.0
96,20,89318.0,9702,109.3,102.6,37517,2.4,4940.1,4.0,27.7,68.4,2.0,17.8,80.2,13.4,134,135,7509.0,19207.0,-11698.0,-3332.0,4.9,83.7,3.8,3.6,721.4,17.1,7.5,2.6,-99.0,15.4,179.4,53.4,113,1.1,3.6,7,47,97.8,5.8,14.5,64.5,75.5,72.2,35.5,5.7,97.6,97.1,84.8,80.2,47.3,42.5,98.6,98.9
97,2,2724902.0,18204,6.7,93.9,181754,1.2,10312.1,5.0,32.5,62.5,18.1,20.4,61.6,5.6,126,127,36775.0,25175.0,11601.0,-5464.0,1.6,53.2,0.9,2.7,9.2,14.1,4.4,3.3,2.8,27.1,187.2,72.9,82,1.2,14.3,7091,193,99.4,0.05,66.3,77.5,73.9,64.3,27.9,11.1,109.1,108.8,113.5,110.6,51.3,41.4,97.0,98.1
98,3,591958.0,49700,87.3,98.8,63399,5.6,1376.7,32.0,19.0,49.0,61.9,8.6,29.5,10.8,126,126,5688.0,14109.0,-8420.0,-6339.0,2.7,25.6,4.3,4.1,582.4,39.4,5.7,0.2,5.3,19.4,80.7,45.6,480,7.7,0.3,750,20,81.6,3.93,62.4,72.4,67.8,63.0,40.5,4.3,108.7,109.3,0.0,0.0,0.0,0.0,31.2,29.7
99,7,726.0,116,143.7,97.3,162,3.7,1442.9,24.1,13.6,62.2,0.0,0.0,0.0,0.0,61,61,3.0,116.0,-113.0,45.0,1.8,44.3,1.8,3.8,-99.0,46.9,10.2,0.2,0.0,6.5,38.8,13.0,104,15.0,0.6,0,8,87.3,20.05,0.0,0.0,68.9,62.4,35.0,6.4,106.1,102.9,0.0,0.0,-99.0,0.0,51.2,30.6
100,20,17818.0,4136,232.1,134.9,114054,1.8,29303.9,0.6,48.7,50.7,2.6,27.3,70.1,2.2,199,199,46238.0,30825.0,15413.0,8584.0,5.4,98.3,3.6,2.0,94.7,8.4,3.0,1.9,0.0,3.1,231.8,82.1,49,0.4,25.4,6941,380,99.0,-99.0,47.7,83.6,75.5,73.5,21.1,4.9,103.0,102.4,102.7,88.2,33.1,20.4,100.0,100.0
101,2,199949.0,6045,31.5,98.4,6572,3.5,1106.4,15.4,25.9,58.7,29.2,21.0,49.8,7.7,108,110,1423.0,3844.0,-2421.0,-721.0,1.6,35.7,1.6,3.1,8.2,19.6,6.5,1.9,5.5,19.2,132.8,30.2,44,3.4,1.7,80,27,96.7,12.16,49.7,77.5,74.3,66.4,31.8,7.6,106.8,107.9,92.8,91.4,53.3,40.8,89.1,95.6
102,14,236800.0,6858,29.7,99.5,12585,7.6,1850.2,23.6,32.8,43.6,78.3,4.0,17.7,1.5,193,186,2066.0,4513.0,-2447.0,-2264.0,1.3,38.6,4.9,2.9,-99.0,47.3,1.9,0.2,3.3,27.5,53.1,18.2,209,80.5,0.3,72,12,85.6,4.03,77.9,77.8,66.8,63.9,32.9,6.3,109.1,113.5,59.3,64.1,16.5,17.3,94.5,56.0
103,11,64573.0,1950,31.3,84.9,27004,2.7,13704.1,3.2,23.3,73.5,7.3,23.0,69.7,9.6,130,130,11433.0,13596.0,-2163.0,-210.0,-1.2,67.4,-0.7,1.5,252.6,6.5,5.9,3.2,5.3,16.0,127.0,79.2,30,54.0,3.5,108,99,99.8,-99.0,54.5,67.7,78.7,68.8,15.4,26.2,99.2,100.1,119.1,119.9,79.2,55.5,90.8,81.5
104,20,10452.0,6082,594.6,100.6,50149,1.5,8571.4,3.2,19.6,77.2,8.2,22.4,69.4,7.0,95,95,3402.0,20409.0,-17007.0,-8146.0,6.0,87.8,3.2,1.7,1054.2,9.2,6.4,2.4,2.6,3.1,87.1,74.0,87,13.4,4.3,7,55,99.0,2.04,23.8,70.6,80.9,77.3,23.1,12.0,88.3,96.6,61.0,61.5,45.7,39.5,80.7,80.7
105,16,30355.0,2233,73.6,94.4,2008,2.8,940.6,7.7,31.3,61.0,39.7,20.0,40.3,27.5,101,100,648.0,1727.0,-1079.0,-168.0,1.3,27.3,3.0,3.3,0.0,59.8,10.6,0.0,0.0,25.0,105.5,16.1,18,1.6,1.2,31,28,94.6,4.11,59.7,74.6,54.7,50.1,35.4,6.7,104.0,107.0,62.0,45.7,11.7,8.0,37.3,27.6
106,19,111369.0,4732,49.1,101.8,2053,0.3,455.9,70.8,11.4,17.9,45.3,11.7,43.0,4.1,104,121,641.0,727.0,-86.0,-860.0,2.6,49.7,3.4,4.8,22.1,59.0,10.0,0.0,2.8,12.3,81.1,5.9,172,43.7,0.2,73,19,88.6,61.73,57.9,64.1,61.6,59.8,41.8,4.9,89.1,98.5,32.5,41.9,9.0,14.2,28.0,5.9
107,9,1676198.0,6375,3.6,101.7,34457,-10.2,5488.2,0.9,67.1,32.0,19.1,25.1,55.8,19.2,113,114,4615.0,8876.0,-4261.0,-108.0,0.2,78.6,1.1,2.4,472.5,24.3,5.0,2.1,-99.0,16.0,157.0,19.0,63,0.1,9.1,1505,119,0.0,0.51,27.8,78.4,74.4,68.8,28.2,6.6,0.0,0.0,0.0,0.0,0.0,0.0,96.8,95.7
108,21,160.0,38,237.0,98.4,6361,1.4,169491.8,0.7,40.1,59.2,-99.0,-99.0,-99.0,2.6,102,102,-99.0,-99.0,-99.0,-99.0,0.8,14.3,0.5,1.5,0.3,-99.0,-99.0,-99.0,2.6,12.0,108.8,96.6,6,43.1,1.1,1,74,-99.0,-99.0,53.5,70.6,-99.0,0.0,14.9,22.7,104.8,106.5,101.7,130.7,21.9,44.8,-99.0,0.0
109,11,65286.0,2890,46.1,85.4,41402,1.8,14383.7,3.6,29.8,66.5,8.7,24.5,66.8,9.2,125,125,25025.0,27501.0,-2476.0,-977.0,-1.3,66.5,-0.5,1.6,4.7,4.4,6.6,4.3,4.6,21.3,139.5,71.4,26,34.8,4.4,74,98,99.7,-99.0,54.1,66.1,79.3,68.5,14.8,25.3,103.7,103.2,106.1,110.3,82.0,55.8,97.2,82.8
110,21,2586.0,584,225.3,101.0,56802,3.5,100160.8,0.2,12.1,87.7,1.3,10.2,88.5,5.6,98,98,12838.0,19124.0,-6285.0,2962.0,2.2,90.2,1.7,1.5,4.2,3.4,6.9,2.9,4.1,28.3,148.5,97.3,11,33.5,17.3,6,290,100.0,-99.0,52.0,65.5,83.4,78.8,16.4,19.6,97.3,96.9,103.5,101.1,20.7,18.2,97.5,98.5
111,3,587295.0,25571,44.0,99.5,9739,3.1,401.8,24.9,18.4,56.7,74.2,9.4,16.5,2.3,119,120,2256.0,2965.0,-709.0,-622.0,2.7,35.1,4.7,4.4,0.1,36.8,3.0,0.1,2.1,19.2,46.0,4.2,1324,21.5,0.1,129,7,81.6,7.05,83.8,89.0,66.0,63.0,41.0,4.8,148.9,148.9,38.1,38.8,4.6,5.0,18.0,8.7
112,3,118484.0,18622,197.5,98.2,6420,3.0,372.9,26.1,16.6,57.3,69.9,4.8,25.4,6.8,149,150,875.0,1649.0,-774.0,-710.0,2.9,16.3,3.8,4.9,25.7,66.5,11.4,0.0,5.6,16.7,35.3,9.3,176,33.6,0.1,89,6,95.7,16.53,81.3,81.0,63.1,58.2,44.0,4.3,147.0,144.0,41.0,45.8,0.6,1.0,47.3,39.8
113,14,330323.0,31624,96.3,106.7,296284,5.0,9768.4,8.6,39.6,51.8,11.8,27.3,60.9,3.3,122,130,189414.0,168375.0,21039.0,8960.0,1.8,74.7,2.7,2.1,238.6,6.5,4.2,1.3,5.0,10.4,143.9,71.1,1272,67.5,8.1,3738,118,100.0,0.0,49.3,77.8,77.1,72.6,24.3,9.7,101.9,101.7,80.7,74.6,31.8,20.8,96.1,95.9
114,17,300.0,436,1454.4,131.8,3435,2.8,9446.5,3.1,22.0,74.9,7.7,22.8,69.5,2.9,65,65,140.0,2128.0,-1988.0,-326.0,2.8,45.5,4.5,2.2,-99.0,9.0,13.7,0.0,5.2,5.9,206.7,54.5,75,3.3,3.7,0,54,99.5,0.95,57.8,79.6,77.4,75.4,23.4,6.3,98.6,97.3,0.0,0.0,20.3,12.4,97.5,98.3
115,19,1240192.0,18542,15.2,100.2,13100,7.6,744.3,39.9,19.6,40.5,56.7,14.7,28.6,8.1,154,157,3030.0,2510.0,520.0,-676.0,2.9,39.9,5.1,6.4,90.8,78.5,7.0,0.0,3.7,8.8,139.6,10.3,42,3.9,0.1,55,4,96.5,9.45,50.5,82.3,56.9,55.6,47.7,4.0,72.1,79.3,36.8,45.6,4.1,9.6,37.5,16.1
116,18,315.0,431,1346.4,100.9,9747,6.2,23280.7,1.4,15.0,83.6,1.2,20.9,77.9,5.4,96,96,4039.0,7182.0,-3143.0,539.0,0.5,95.4,0.5,1.4,8.1,4.8,9.7,3.9,7.8,12.5,129.3,76.2,39,1.1,5.6,1,78,100.0,-99.0,39.4,65.7,82.0,78.6,14.4,26.1,104.7,102.2,98.1,91.7,55.2,40.3,100.0,100.0
117,7,181.0,53,295.2,104.5,183,0.6,3452.6,16.4,10.2,73.3,0.0,0.0,0.0,4.7,115,115,27.0,86.0,-58.0,-5.0,0.2,72.7,0.6,4.1,-99.0,25.4,17.1,0.5,0.0,9.1,29.2,19.3,101,70.2,1.9,0,27,93.5,24.11,29.0,53.3,72.5,71.3,39.0,5.5,93.3,93.5,80.4,73.1,41.2,44.6,84.5,56.2
118,0,1128.0,385,363.1,83.5,-99,-99.0,-99.0,-99.0,-99.0,-99.0,3.9,11.8,69.0,22.8,78,78,-99.0,-99.0,-99.0,-99.0,-0.5,88.9,0.2,2.0,-99.0,6.4,-99.0,-99.0,-99.0,-99.0,-99.0,-99.0,48,45.8,5.8,1,79,100.0,-99.0,52.6,53.8,84.4,77.8,17.7,25.7,-99.0,0.0,-99.0,0.0,-99.0,0.0,94.0,72.7
119,19,1030700.0,4420,4.3,101.6,5023,1.2,1235.0,20.9,41.7,37.4,40.3,9.5,50.2,12.0,125,125,1623.0,2174.0,-551.0,-1066.0,2.9,59.9,3.5,4.9,69.0,68.0,3.8,0.0,2.9,25.2,89.3,15.2,86,0.2,0.7,31,13,58.4,5.02,29.3,65.5,64.1,61.2,39.9,5.0,105.0,100.0,29.5,31.7,3.6,7.1,57.5,13.8
120,3,1969.0,1265,623.2,97.9,11511,3.5,9040.9,2.9,22.7,74.4,7.3,25.2,67.5,7.6,96,96,2194.0,4655.0,-2461.0,-566.0,0.2,39.7,-0.1,1.5,-99.0,12.0,4.8,0.0,4.9,11.6,140.6,50.1,257,19.0,3.3,10,51,99.9,0.67,46.9,74.3,77.7,70.7,18.4,16.6,103.9,102.2,97.9,93.6,41.7,31.7,93.9,92.6
121,3,-99.0,253,674.8,96.7,-99,-99.0,-99.0,-99.0,-99.0,-99.0,-99.0,-99.0,-99.0,-99.0,-99,-99,0.0,0.0,0.0,-99.0,2.8,47.0,1.9,4.1,-99.0,4.2,-99.0,-99.0,-99.0,-99.0,0.0,0.0,88,16.1,0.0,0,19,-99.0,-99.0,-99.0,0.0,82.9,76.0,40.6,5.8,-99.0,0.0,-99.0,0.0,-99.0,0.0,-99.0,0.0
122,1,1964375.0,129163,66.4,99.2,1140724,2.5,8980.9,3.6,36.0,60.4,13.4,25.2,61.3,4.1,120,120,373883.0,387064.0,-13181.0,-33216.0,1.4,79.2,1.6,2.3,5.9,18.8,6.3,2.1,5.3,42.6,85.3,57.4,1162,34.0,3.8,8514,62,97.2,0.03,45.5,79.5,78.9,74.0,26.7,10.1,103.2,103.6,93.5,87.7,30.0,29.9,88.0,74.5
123,7,702.0,106,150.8,105.1,315,3.7,3015.2,27.8,6.5,65.8,-99.0,-99.0,-99.0,-99.0,99,99,6.0,40.0,-34.0,22.0,0.2,22.4,0.3,3.3,0.0,33.2,13.7,0.0,12.5,0.0,30.3,31.5,167,91.8,1.4,0,22,94.8,34.11,-99.0,0.0,69.8,67.7,33.1,8.0,95.7,95.4,0.0,0.0,-99.0,0.0,85.1,49.0
124,4,1564116.0,3076,2.0,97.9,11758,2.3,3973.4,14.8,34.1,51.1,28.4,20.7,51.0,6.3,147,149,4917.0,3358.0,1559.0,-948.0,1.9,72.0,2.8,2.8,0.0,22.8,4.7,2.9,4.6,17.1,105.0,21.4,41,8.1,7.2,677,84,66.4,2.21,56.8,69.3,72.7,64.5,29.7,6.6,100.0,101.8,92.4,90.5,79.7,57.7,66.4,42.6
125,18,13812.0,629,46.8,97.4,4020,4.5,6424.1,9.8,17.5,72.6,7.5,17.3,75.2,17.4,66,66,354.0,2263.0,-1908.0,-533.0,0.1,64.0,0.3,1.7,16.0,4.1,6.4,2.3,-99.0,23.5,162.2,64.6,98,61.5,3.5,29,64,100.0,2.44,41.8,55.9,78.8,74.0,18.1,21.3,93.3,95.2,90.3,90.4,0.0,0.0,98.0,92.2
126,9,446550.0,35740,80.1,98.1,100359,4.4,2919.3,13.7,28.9,57.4,32.6,20.7,46.8,10.4,130,130,22858.0,41696.0,-18838.0,-2161.0,1.4,60.2,2.3,2.6,6.4,28.1,5.9,0.6,0.0,20.5,126.9,57.1,207,12.6,1.7,78,23,98.7,1.51,25.6,74.5,76.0,73.7,27.4,10.7,111.6,117.7,63.5,74.4,27.5,28.7,84.1,65.5
127,3,799380.0,29669,37.7,95.5,14806,6.6,529.2,24.6,21.0,54.4,75.0,4.1,21.0,24.1,137,137,3352.0,5295.0,-1943.0,-5833.0,2.9,32.2,3.3,5.4,24.0,67.3,7.0,0.1,6.5,39.6,74.2,9.0,309,48.5,0.3,779,20,80.6,12.54,82.2,75.6,58.1,54.0,44.8,4.8,101.2,110.4,31.1,33.8,5.4,7.4,42.4,10.1
128,14,676577.0,53371,81.7,95.5,62601,7.3,1161.5,26.7,34.5,38.7,23.6,14.6,61.7,0.8,130,128,11673.0,15696.0,-4023.0,-3921.0,0.9,34.1,2.5,2.3,1392.1,45.0,2.3,0.6,-99.0,10.2,76.7,21.8,321,45.3,0.4,1078,15,92.7,2.23,74.7,80.8,68.3,63.7,26.8,9.4,98.3,101.0,52.0,50.6,14.9,12.1,84.3,77.1
129,16,824116.0,2534,3.1,94.7,11491,5.3,4673.6,6.6,30.6,62.8,29.1,14.6,56.3,24.9,88,89,4816.0,6721.0,-1905.0,-1700.0,2.2,46.7,4.2,3.6,4.8,36.4,-99.0,0.0,0.0,41.3,102.1,22.3,115,8.5,1.6,19,31,98.2,1.24,56.4,64.3,64.3,59.1,36.7,5.5,109.5,113.3,0.0,0.0,0.0,0.0,54.5,16.8
130,7,21.0,11,568.0,101.9,189,18.7,18469.2,3.0,59.9,37.1,-99.0,-99.0,-99.0,23.0,112,112,-99.0,-99.0,-99.0,-99.0,2.3,100.0,0.2,3.9,0.8,18.0,3.3,0.0,-99.0,10.5,67.8,54.0,82,0.0,4.8,0,63,96.5,-99.0,49.3,78.9,64.8,57.8,39.5,4.0,100.4,109.5,83.4,81.9,-99.0,0.0,65.6,0.0
131,17,147181.0,29305,204.4,94.3,20658,2.7,724.5,31.8,14.9,53.3,72.6,10.9,16.5,3.0,139,139,703.0,5249.0,-4547.0,2447.0,1.2,18.6,3.2,2.3,30.7,32.8,5.8,0.0,3.7,29.6,96.8,17.6,104,25.4,0.3,451,19,90.9,5.73,79.7,86.7,70.4,67.4,30.9,8.8,141.2,130.7,72.2,67.1,15.1,14.8,56.0,43.5
132,21,41542.0,17036,505.2,99.0,750318,2.0,44332.1,1.8,20.0,78.2,2.2,15.9,81.9,5.6,115,115,511714.0,420969.0,90745.0,65129.0,0.3,90.5,1.0,1.7,116.3,3.5,10.9,3.4,5.5,38.0,123.5,93.1,40,11.1,9.9,2447,178,100.0,-99.0,57.3,69.7,83.1,79.4,16.4,25.0,104.4,105.0,136.3,134.7,82.5,74.7,97.5,99.9
133,6,18575.0,276,15.1,101.5,8937,3.2,33965.7,1.4,26.0,72.6,3.0,26.9,70.1,15.1,102,103,1344.0,2422.0,-1079.0,-1469.0,1.4,70.2,2.2,2.2,-99.0,13.0,-99.0,-99.0,-99.0,-99.0,93.5,74.0,526,45.9,16.5,1,215,98.5,-99.0,45.5,66.9,79.3,73.7,22.5,14.2,-99.0,0.0,-99.0,0.0,-99.0,0.0,100.0,100.0
134,12,268107.0,4706,17.9,96.7,173417,3.1,38294.3,6.5,23.0,70.6,5.9,21.4,72.6,5.5,116,118,33833.0,36423.0,-2589.0,-5501.0,1.1,86.3,1.0,2.0,1.7,4.4,11.0,2.9,6.4,34.2,121.8,88.2,199,38.6,7.7,783,207,100.0,-99.0,62.1,72.8,83.1,79.5,19.8,20.8,99.1,99.6,119.9,113.4,96.7,71.6,-99.0,0.0
135,1,130373.0,6218,51.7,97.2,12693,4.9,2086.9,18.8,26.8,54.4,24.1,14.5,61.4,6.1,130,130,2225.0,5927.0,-3701.0,-1045.0,1.2,58.8,2.0,2.3,0.6,20.0,9.0,0.9,0.0,45.7,116.1,19.7,144,25.9,0.8,91,26,99.3,3.68,49.6,80.6,77.5,71.4,29.0,8.4,0.0,0.0,0.0,0.0,0.0,0.0,76.5,55.7
136,19,1267000.0,21477,17.0,100.6,7143,3.6,359.0,39.6,19.1,41.3,62.3,14.4,23.3,2.7,148,148,927.0,1861.0,-933.0,-1150.0,3.8,18.7,5.1,7.4,312.5,65.8,6.0,0.0,6.7,17.0,46.5,2.2,34,0.9,0.1,101,5,100.0,12.26,40.4,89.2,59.5,57.6,50.2,4.2,66.8,77.9,17.2,24.2,0.9,2.6,37.9,4.6
137,19,923768.0,190886,209.6,102.7,494583,2.7,2714.5,20.9,20.4,58.8,27.9,14.7,57.4,5.4,116,117,104084.0,36533.0,67551.0,-15763.0,2.7,47.8,4.7,5.7,2437.5,76.3,3.7,0.0,-99.0,5.6,82.2,47.4,361,8.1,0.6,10851,32,80.8,0.52,48.5,64.3,52.6,51.2,44.0,4.5,92.8,94.5,53.5,57.8,8.3,11.8,32.8,25.4
138,13,260.0,2,6.2,100.0,-99,-99.0,-99.0,-99.0,-99.0,-99.0,0.0,0.0,0.0,0.0,101,101,-99.0,-99.0,-99.0,-99.0,-0.1,42.5,-0.9,2.6,-99.0,8.1,7.4,0.0,-99.0,-99.0,0.0,79.6,52,70.0,5.7,0,62,98.4,-99.0,0.0,0.0,76.3,70.1,22.8,20.1,120.2,147.2,114.1,104.1,-99.0,0.0,100.0,100.0
139,11,386194.0,5305,14.5,101.8,386578,1.6,74185.5,1.8,34.6,63.5,2.2,20.2,77.6,5.1,103,104,89120.0,72473.0,16647.0,33746.0,1.2,80.5,1.3,1.8,73.2,2.4,9.7,4.4,7.4,39.6,113.6,96.8,64,33.2,9.2,8204,233,100.0,-99.0,61.1,68.3,83.6,79.5,17.8,22.3,100.3,100.5,111.1,114.7,91.5,62.8,98.0,98.3
140,20,309500.0,4636,15.0,192.8,69832,5.7,15550.8,1.5,51.1,47.3,5.0,39.6,55.4,17.8,134,134,24455.0,23260.0,1195.0,-10807.0,6.5,77.6,8.5,2.9,0.6,9.6,3.6,1.5,5.0,1.2,159.9,74.2,99,0.0,14.4,3101,239,95.5,0.0,30.1,85.4,78.7,74.5,21.8,4.0,111.2,107.4,107.9,101.0,-99.0,0.0,97.3,94.7
141,17,796095.0,197016,255.6,105.6,266458,5.5,1410.4,25.5,19.0,55.5,42.1,19.8,38.1,5.9,135,138,20534.0,46998.0,-26464.0,-1603.0,2.1,38.8,2.8,3.7,2739.4,69.8,2.6,0.8,2.6,20.6,66.9,18.0,140,2.0,0.9,2202,17,93.9,1.32,24.8,82.5,66.8,65.0,34.8,6.7,85.2,99.7,39.2,49.5,9.2,10.6,83.1,51.1
142,1,75320.0,4099,55.1,100.4,52132,5.8,13268.1,2.8,27.1,70.0,14.5,19.6,65.9,6.2,117,118,636.0,11697.0,-11061.0,-3377.0,1.7,66.6,2.1,2.6,21.5,15.2,8.0,1.6,3.2,18.3,174.2,51.2,383,62.3,2.3,31,35,97.7,0.02,50.5,80.4,80.5,74.3,27.4,11.4,100.9,103.5,78.3,72.9,46.5,31.2,83.5,58.0
143,6,462840.0,8251,18.2,103.5,21315,6.6,2797.6,20.1,28.2,51.8,68.3,5.7,26.0,2.5,84,83,8760.0,8874.0,-114.0,5326.0,2.2,13.0,2.1,3.8,9.7,49.0,4.3,0.0,-99.0,2.7,46.6,7.9,493,74.1,0.8,114,22,88.0,3.51,69.6,71.2,67.4,62.6,35.9,6.1,109.3,119.8,34.6,45.8,-99.0,0.0,56.4,13.3
144,15,406752.0,6811,17.1,102.9,27714,3.1,4174.4,19.0,29.5,51.6,19.6,19.5,61.0,5.5,160,166,8494.0,9753.0,-1259.0,-462.0,1.3,59.7,2.1,2.6,0.2,28.8,9.8,1.3,5.0,13.8,105.4,44.4,59,39.4,0.9,325,38,100.0,0.22,58.3,84.7,74.9,70.7,29.4,9.4,104.3,107.6,79.1,74.2,0.0,0.0,95.5,78.4
145,15,1285216.0,32166,25.1,99.8,190428,3.3,6069.1,7.6,33.3,59.2,24.4,17.3,58.3,5.3,145,148,36040.0,36185.0,-145.0,-9210.0,1.3,78.6,1.7,2.5,2.5,18.6,5.5,1.1,4.0,27.7,109.9,40.9,685,57.9,2.0,1020,30,91.4,0.18,66.1,82.8,76.8,71.5,27.4,10.4,101.7,101.7,95.8,95.7,0.0,0.0,82.5,53.2
146,14,300000.0,104918,351.9,101.3,292449,5.9,2904.2,10.5,31.3,58.2,27.7,16.3,56.1,5.9,122,120,56313.0,85909.0,-29596.0,7694.0,1.6,44.4,1.3,3.0,240.2,22.2,4.7,0.0,0.0,29.5,118.1,40.7,783,26.2,1.1,991,19,93.7,0.15,50.8,78.9,72.1,65.4,31.7,7.6,116.9,116.8,92.7,84.4,40.3,31.4,77.9,70.8
147,5,312679.0,38171,124.6,93.4,477066,3.9,12355.5,2.6,34.1,63.3,10.9,29.6,59.5,5.3,113,113,196455.0,188518.0,7937.0,-2932.0,0.0,60.5,-0.1,1.3,23.7,4.5,6.4,2.3,4.9,28.0,148.7,68.0,58,30.7,7.4,2819,102,99.3,-99.0,49.1,64.9,81.0,72.9,14.8,24.0,100.7,100.5,106.1,110.0,82.6,54.2,97.5,96.7
148,18,92226.0,10330,112.8,89.8,199122,1.6,19239.2,2.3,22.3,75.4,8.0,23.8,68.2,10.5,104,104,55658.0,67580.0,-11922.0,842.0,-0.4,63.5,1.0,1.3,1.8,2.9,9.5,4.4,5.1,34.8,110.4,68.6,281,34.9,4.3,250,84,100.0,-99.0,53.3,63.7,83.5,77.3,13.6,27.9,105.3,109.4,117.3,121.0,65.7,58.0,99.6,99.8
149,0,8868.0,3663,413.0,92.6,102906,0.0,27939.0,0.8,50.0,49.1,2.0,17.5,80.5,12.8,110,111,-99.0,-99.0,-99.0,-99.0,-0.2,93.6,-0.2,1.5,-99.0,6.3,-99.0,-99.0,6.4,-99.0,87.1,79.5,126,55.5,0.0,1,16,0.0,-99.0,34.4,51.7,83.2,75.2,17.9,20.4,90.4,89.1,83.9,78.8,98.8,70.1,99.3,99.3
150,20,11607.0,2639,227.3,301.2,164641,3.6,73653.4,0.2,56.4,43.5,1.2,54.1,44.7,0.3,154,154,57254.0,32058.0,25196.0,13751.0,6.6,99.2,6.0,2.0,1.5,7.2,2.2,2.0,3.6,0.0,153.6,92.9,39,0.0,49.7,9166,846,100.0,-99.0,53.1,93.6,79.4,76.8,13.9,2.8,103.6,102.4,103.6,82.0,43.9,6.3,98.0,98.0
151,4,100284.0,50982,524.3,100.2,1377873,2.6,27396.7,2.3,38.0,59.7,5.0,24.7,70.3,3.6,104,104,495418.0,406182.0,89236.0,105871.0,0.4,82.5,0.7,1.2,8.0,3.0,7.4,2.2,5.1,17.0,118.5,89.9,111,63.5,11.7,2023,223,99.7,-99.0,50.2,71.9,84.4,77.9,13.5,20.1,98.7,99.3,98.4,99.3,80.2,104.8,100.0,100.0
152,5,33846.0,4051,123.3,92.2,6475,-0.7,1591.4,13.4,20.8,65.8,28.8,30.9,40.3,5.0,109,109,2045.0,4020.0,-1975.0,-415.0,-0.1,45.0,-0.7,1.3,5.5,14.3,10.3,2.5,7.5,22.8,108.0,49.8,35,12.3,1.2,15,23,96.9,4.49,39.1,46.5,75.2,66.7,15.7,17.6,91.9,92.9,86.5,85.8,47.4,35.3,87.8,67.1
153,5,238391.0,19679,85.5,94.0,177956,3.7,9120.7,4.8,34.9,60.3,25.5,27.7,46.8,7.1,100,100,63581.0,74605.0,-11024.0,-2096.0,-0.6,54.6,0.0,1.5,3.2,8.7,5.6,2.7,3.1,20.7,107.1,55.8,104,29.5,3.6,1109,68,100.0,-99.0,47.3,64.5,78.4,71.4,15.3,24.9,89.0,90.5,92.0,92.5,59.0,47.8,92.2,63.3
154,5,17098246.0,143990,8.8,86.8,1326016,-3.7,9243.3,4.7,31.8,63.5,6.8,27.1,66.1,5.8,120,120,285491.0,182257.0,103234.0,69000.0,0.1,74.0,-0.1,1.7,418.4,8.3,7.1,3.3,3.9,15.8,160.0,73.4,235,49.8,11.9,54829,208,98.9,-99.0,56.3,71.3,75.9,64.7,17.6,21.1,100.9,100.1,103.4,105.5,88.3,72.9,77.0,58.7
155,3,26338.0,12208,494.9,96.2,8096,6.9,697.3,34.6,15.1,50.3,75.0,7.2,17.8,2.4,139,139,622.0,1778.0,-1157.0,-1099.0,2.5,28.8,6.4,4.2,155.1,44.0,7.5,0.0,3.6,61.3,70.5,18.0,62,19.2,0.1,84,8,86.6,13.67,86.1,83.3,67.1,63.1,40.1,4.9,133.4,131.7,38.2,35.2,6.9,9.1,58.5,62.9
156,19,308.0,4,10.4,-99.0,-99,-99.0,-99.0,-99.0,-99.0,-99.0,0.0,0.0,0.0,0.0,-99,-99,0.0,48.0,-48.0,-99.0,-0.7,39.4,-0.6,-99.0,-99.0,-99.0,-99.0,-99.0,-99.0,-99.0,30.7,37.6,100,5.1,3.1,0,41,-99.0,-99.0,-99.0,0.0,-99.0,0.0,-99.0,0.0,-99.0,0.0,-99.0,0.0,-99.0,0.0,-99.0,0.0
157,0,261.0,55,212.9,97.0,876,3.8,15771.9,1.2,28.1,70.7,0.0,0.0,0.0,0.0,39,39,51.0,332.0,-280.0,-63.0,1.1,32.0,1.3,-99.0,0.0,-99.0,5.1,0.0,2.8,13.3,131.8,75.7,52,42.3,4.2,0,59,98.3,3.93,0.0,0.0,-99.0,0.0,0.0,0.0,83.4,81.7,92.8,88.0,107.2,52.6,0.0,0.0
158,0,539.0,179,293.2,95.9,1450,1.9,7839.4,2.7,12.9,84.4,14.8,17.6,67.6,19.0,69,69,120.0,654.0,-535.0,-100.0,0.5,18.5,0.9,1.5,0.0,10.9,6.7,0.0,4.9,16.7,101.5,52.4,62,33.4,2.2,0,33,99.5,0.97,63.1,76.6,77.6,72.2,18.9,13.7,0.0,0.0,84.8,85.5,22.0,11.6,84.7,91.9
159,10,242.0,6,27.5,98.2,-99,-99.0,-99.0,-99.0,-99.0,-99.0,-99.0,-99.0,-99.0,-99.0,112,112,653.0,2629.0,-1976.0,-99.0,0.0,90.4,0.1,-99.0,-99.0,-99.0,-99.0,-99.0,-99.0,-99.0,-99.0,-99.0,12,12.3,12.2,0,174,-99.0,-99.0,-99.0,0.0,-99.0,0.0,0.0,0.0,-99.0,0.0,-99.0,0.0,-99.0,0.0,-99.0,0.0
160,0,389.0,110,281.8,101.7,738,1.6,6739.2,7.5,17.2,75.3,22.1,16.1,61.8,19.1,115,115,47.0,335.0,-288.0,-210.0,0.0,50.6,0.7,2.0,-99.0,16.5,8.6,0.0,0.0,13.0,103.6,51.8,58,69.2,1.9,0,29,95.1,1.8,56.4,76.9,74.9,70.7,23.8,11.7,103.2,105.8,105.0,107.9,-99.0,0.0,0.0,0.0
161,13,2842.0,196,69.4,106.6,774,2.8,4006.0,9.3,24.2,66.6,5.3,14.8,79.8,6.5,107,107,56.0,350.0,-294.0,-44.0,0.8,19.1,-0.2,4.2,0.0,18.0,7.2,0.0,0.0,10.0,58.5,25.4,93,60.4,1.0,2,24,97.5,12.75,23.3,58.2,77.4,71.1,36.6,8.5,106.7,106.7,89.5,80.7,0.0,0.0,93.3,91.1
162,8,964.0,204,212.8,99.2,334,4.0,1752.8,12.3,14.7,73.0,22.2,13.5,64.3,13.6,119,119,10.0,139.0,-129.0,-69.0,2.2,65.1,3.6,4.7,-99.0,43.8,8.1,0.0,3.8,18.2,65.1,25.8,94,55.8,0.6,1,14,98.9,12.39,45.4,76.2,68.2,64.0,42.8,4.3,112.2,117.7,91.7,80.8,13.6,13.2,40.8,23.3
163,20,2206714.0,32938,15.3,132.9,653219,3.4,20710.6,2.3,46.0,51.8,5.9,22.7,71.4,5.5,96,96,182329.0,135904.0,46426.0,-56724.0,2.8,83.1,2.1,2.7,70.2,13.0,4.7,2.6,0.0,19.9,176.6,69.6,131,0.5,19.5,25904,287,97.0,0.0,20.0,78.5,75.6,72.7,25.2,5.6,111.1,107.9,93.7,122.6,61.8,64.4,100.0,100.0
164,19,196712.0,15851,82.3,96.6,13633,6.5,901.1,15.5,24.1,60.4,51.4,20.7,27.9,9.3,126,127,2640.0,5478.0,-2838.0,-1348.0,3.0,43.7,3.6,5.0,17.6,43.9,4.7,0.0,7.4,42.7,100.0,21.7,123,43.2,0.6,77,11,92.9,6.49,45.3,70.5,67.5,63.8,42.9,4.7,86.9,77.6,49.1,50.2,7.8,12.9,65.4,33.8
165,18,88499.0,8791,100.5,95.6,37160,0.8,5238.6,8.2,31.4,60.5,19.4,24.5,56.1,15.5,102,102,14852.0,19231.0,-4379.0,-1751.0,-0.4,55.6,-0.3,1.6,254.1,9.8,10.4,2.5,4.2,34.4,120.5,65.3,71,31.1,4.3,393,62,99.4,0.9,43.4,59.9,77.5,71.8,16.5,24.5,101.2,101.5,97.4,96.0,66.9,50.2,98.2,94.2
166,3,457.0,95,206.0,97.2,1363,6.8,14133.2,2.7,13.6,83.8,3.6,17.9,78.2,4.1,105,109,335.0,833.0,-498.0,-256.0,0.5,53.9,1.1,2.4,-99.0,10.2,3.4,1.0,3.6,21.2,158.1,58.1,439,88.4,5.2,0,72,95.7,0.5,61.9,68.3,77.9,68.7,22.2,13.3,103.6,101.1,84.5,78.8,19.6,9.3,98.4,98.4
167,19,72300.0,7557,104.7,98.1,4483,-20.3,694.8,51.4,17.6,31.1,68.0,6.5,25.5,3.1,168,168,466.0,958.0,-492.0,-1317.0,2.3,39.9,2.7,4.8,0.8,94.4,11.1,0.0,2.7,12.4,89.5,2.5,177,41.3,0.2,53,11,84.9,21.56,65.1,68.8,50.7,49.6,42.1,4.2,128.2,127.0,40.1,46.5,0.0,0.0,22.8,6.9
168,14,719.0,5709,8155.5,97.7,292734,2.0,52239.0,0.0,26.4,73.6,0.3,17.0,82.6,2.0,112,112,329871.0,283009.0,46862.0,57922.0,1.7,100.0,2.0,1.2,0.0,2.1,4.9,1.9,2.9,23.8,146.1,82.1,293,23.1,10.2,27,209,100.0,-99.0,57.8,76.1,84.5,80.1,15.0,19.5,-99.0,0.0,-99.0,0.0,-99.0,0.0,100.0,0.0
169,5,49035.0,5448,113.3,94.6,87268,3.8,16082.5,3.7,34.8,61.5,3.3,34.5,62.2,9.9,97,97,77565.0,75156.0,2409.0,193.0,0.1,53.6,-0.3,1.4,2.7,5.7,8.1,3.4,4.2,20.0,122.3,85.0,54,40.3,5.6,264,121,100.0,-99.0,51.4,68.0,79.8,72.6,15.4,21.8,99.2,100.2,92.8,92.1,64.6,41.8,99.4,98.2
170,18,20273.0,2080,103.3,98.6,42777,2.3,20689.8,2.4,32.7,64.9,8.9,29.6,61.5,8.1,89,89,27585.0,26646.0,939.0,2216.0,0.3,49.7,0.1,1.6,0.6,2.5,9.2,2.8,5.5,36.7,113.2,73.1,143,62.0,6.2,154,135,99.7,-99.0,51.8,62.2,83.2,77.2,15.0,26.3,99.4,99.2,110.5,110.8,98.5,68.2,99.1,99.1
171,6,28896.0,611,21.8,103.4,1075,3.2,1841.6,28.2,15.6,56.3,48.1,2.4,49.5,31.4,118,118,437.0,454.0,-17.0,-36.0,2.1,22.3,4.2,4.1,0.0,30.0,5.1,0.2,0.0,2.0,72.7,10.0,245,78.3,0.4,3,11,93.2,16.47,61.1,73.5,71.1,68.3,38.8,5.4,113.6,115.0,47.0,49.8,-99.0,0.0,81.4,15.0
172,3,637657.0,14742,23.5,99.3,1559,2.7,144.5,60.2,7.4,32.5,72.0,4.8,23.2,6.6,112,112,925.0,530.0,394.0,-99.0,2.9,39.6,4.1,6.6,1168.4,79.5,-99.0,0.0,-99.0,24.2,52.5,1.8,175,10.3,0.1,129,12,69.6,22.85,33.3,75.9,56.5,53.3,46.4,4.4,0.0,0.0,0.0,0.0,-99.0,0.0,52.0,6.3
173,16,1221037.0,56717,46.8,96.4,314571,1.3,5773.0,2.4,28.9,68.7,6.1,26.2,67.7,26.0,125,126,74111.0,74744.0,-633.0,-13644.0,1.4,64.8,1.6,2.6,1201.9,36.5,8.8,0.8,6.0,42.2,159.3,51.9,581,7.6,9.1,7102,122,99.6,0.47,46.4,61.1,63.0,56.1,29.0,8.4,97.3,102.2,111.5,88.0,23.3,15.7,69.6,60.5
174,3,658841.0,12576,20.6,100.4,13167,2.0,1067.0,4.6,58.0,37.4,-99.0,-99.0,-99.0,0.0,-99,-99,2389.0,750.0,1640.0,-935.0,3.3,18.8,5.1,5.2,2231.2,77.7,2.7,-99.0,1.8,28.5,23.9,17.9,49,-99.0,0.1,337,2,66.7,21.07,0.0,0.0,56.0,54.1,41.7,5.1,53.1,74.9,6.6,12.3,-99.0,0.0,16.4,4.5
175,18,505944.0,46354,92.9,96.2,1192955,3.2,25865.4,2.6,23.6,73.7,3.9,19.2,76.8,18.3,102,102,281777.0,302539.0,-20762.0,16208.0,-0.2,79.6,0.7,1.3,28.8,2.9,9.0,3.8,4.3,39.1,107.9,78.7,617,36.8,5.1,1432,102,100.0,-99.0,52.1,64.2,85.3,79.6,14.7,25.3,105.6,104.5,129.6,130.0,97.1,82.5,99.8,100.0
176,17,65610.0,20877,332.9,92.5,82316,4.8,3973.7,8.7,30.7,60.6,27.4,25.9,46.6,5.2,120,122,10546.0,19501.0,-8955.0,-2009.0,0.5,18.4,0.8,2.1,44.2,8.2,3.5,0.0,2.2,5.8,112.8,30.0,587,33.1,0.9,179,20,98.5,0.53,30.4,75.0,78.0,71.2,24.0,14.9,100.6,102.7,102.0,97.5,24.0,15.6,88.1,96.7
177,20,6020.0,4921,817.4,102.9,12677,3.5,2715.5,4.8,23.4,71.9,8.7,29.8,61.5,24.2,90,90,929.0,5058.0,-4128.0,-1713.0,2.7,75.3,2.8,4.2,0.0,20.0,-99.0,-99.0,1.3,-99.0,77.6,57.4,31,1.5,0.6,9,15,50.7,17.52,18.4,69.7,74.8,71.1,39.6,4.6,94.3,94.4,87.0,79.2,54.4,34.5,93.0,90.2
178,9,-99.0,40533,23.0,99.9,79546,4.9,1977.0,32.4,20.1,47.6,32.9,20.4,46.7,13.4,-99,-99,1797.0,7658.0,-5861.0,-5933.0,2.3,33.8,2.5,4.8,3619.6,48.7,8.4,3.1,0.0,30.5,70.5,26.6,133,-99.0,0.4,682,16,-99.0,1.09,24.4,72.2,65.1,62.1,40.8,5.5,66.6,74.1,41.5,43.9,16.8,15.8,-99.0,0.0
179,15,163820.0,563,3.6,100.7,4879,-2.7,8985.3,11.4,27.4,61.1,3.4,22.3,74.3,9.9,152,152,1437.0,1244.0,193.0,-808.0,1.0,66.0,0.8,2.5,0.0,17.4,5.7,0.0,-99.0,25.5,180.7,42.8,83,98.3,3.7,44,62,98.1,0.32,40.5,68.6,74.2,67.8,26.4,10.4,121.4,124.2,90.9,71.7,0.0,0.0,88.4,61.4
180,16,17363.0,1367,79.5,93.9,4133,1.7,3211.7,6.6,42.1,51.3,22.0,17.0,61.0,25.1,114,115,1881.0,733.0,1149.0,281.0,1.8,21.3,1.3,3.3,1.1,56.3,9.3,0.0,7.0,6.2,73.2,30.4,34,33.8,1.0,39,40,93.6,2.39,40.6,65.1,58.2,51.6,37.2,4.8,108.0,117.5,65.8,66.2,5.5,5.2,63.1,56.0
181,11,438574.0,9911,24.2,100.2,495694,4.1,50687.5,1.3,26.3,72.4,1.8,18.2,79.9,7.3,100,100,139574.0,140838.0,-1263.0,23250.0,0.8,85.8,0.8,1.9,348.5,2.4,11.9,4.1,7.7,43.6,130.4,90.6,54,68.9,4.5,1428,206,100.0,-99.0,60.7,68.0,83.7,80.0,17.5,25.5,125.6,120.6,150.0,131.5,75.7,49.6,99.2,99.6
182,21,41291.0,8476,214.5,98.2,670790,0.8,80831.1,0.7,25.5,73.8,3.5,20.4,76.1,4.6,106,106,304691.0,269157.0,35534.0,77378.0,1.2,73.9,1.1,1.5,110.1,3.9,11.7,4.1,5.1,32.5,142.0,88.0,74,31.6,4.3,552,126,100.0,-99.0,62.5,74.5,84.8,80.5,14.9,24.1,103.8,104.1,99.4,103.0,58.5,56.9,99.9,99.8
183,20,185180.0,18270,99.5,102.1,28393,-5.3,1534.5,20.7,30.0,49.3,18.5,39.2,42.3,13.8,65,68,1265.0,2383.0,-1118.0,0.0,-2.3,57.7,1.4,3.1,6768.5,17.9,3.3,1.5,0.0,13.2,62.4,30.0,132,2.7,1.7,237,24,92.3,0.0,12.4,70.9,76.3,64.4,36.6,6.8,78.7,81.4,50.5,50.5,47.0,41.3,96.2,95.1
184,2,142600.0,8921,63.7,100.9,7853,4.2,925.9,25.0,28.0,47.1,57.2,13.4,29.4,10.8,155,172,899.0,3030.0,-2132.0,-472.0,2.2,26.8,2.6,3.5,21.8,38.9,6.9,1.7,5.2,19.0,98.6,19.0,45,3.0,0.6,76,14,93.1,4.55,59.6,77.9,73.5,67.7,35.3,5.8,101.2,99.8,83.1,92.5,24.0,33.6,93.8,95.5
185,14,513120.0,69038,135.1,95.2,395168,2.8,5814.8,9.1,35.7,55.1,34.0,22.7,43.3,0.6,129,126,213927.0,195666.0,18260.0,32149.0,0.4,50.4,3.0,1.5,554.1,11.2,4.1,0.0,4.1,4.9,125.8,39.3,611,32.0,4.7,3338,83,97.6,0.02,62.7,79.8,78.4,70.8,17.3,16.9,99.2,106.1,125.3,132.6,57.3,40.5,89.9,96.1
186,18,25713.0,2083,82.6,100.0,10052,3.8,4836.1,12.0,27.9,65.1,16.2,29.2,54.5,27.3,111,112,4785.0,6757.0,-1972.0,-204.0,0.1,57.1,0.1,1.5,1.4,9.0,6.5,2.8,0.0,31.7,105.4,70.4,110,39.6,3.6,53,53,99.8,2.18,43.9,67.8,77.2,73.2,16.7,19.5,92.8,93.6,78.2,80.3,46.8,37.5,97.2,82.6
187,14,14919.0,1296,87.2,103.2,2873,4.3,2425.4,5.2,79.9,14.9,50.8,2.0,47.2,4.3,111,117,94.0,647.0,-553.0,238.0,2.2,32.8,3.8,5.9,0.0,43.9,1.5,0.1,7.8,38.5,117.4,13.4,24,46.9,0.4,143,7,95.2,8.89,26.9,55.6,69.5,66.1,43.6,5.4,136.2,137.5,79.6,74.1,0.0,0.0,69.0,26.8
188,19,56785.0,7798,143.4,99.4,4086,5.5,559.4,45.7,19.7,34.6,62.5,8.7,28.7,6.8,140,143,715.0,1716.0,-1001.0,-461.0,2.6,40.0,3.8,4.7,13.8,55.7,5.2,0.0,5.2,17.6,65.0,7.1,80,3.8,0.4,111,20,91.4,5.51,81.0,80.7,59.8,58.3,41.6,4.6,118.5,125.1,0.0,0.0,6.4,14.9,24.7,2.9
189,13,747.0,108,150.0,100.7,402,3.8,3784.5,22.4,21.5,56.1,33.3,28.2,38.5,4.8,134,134,14.0,209.0,-196.0,-33.0,0.4,23.7,0.7,3.8,0.0,20.6,5.2,0.0,0.0,3.8,65.6,45.0,79,12.5,1.1,0,15,99.7,18.3,52.9,73.9,75.6,69.6,35.8,8.5,107.5,108.6,94.2,86.4,0.0,0.0,97.6,89.0
190,0,5127.0,1369,266.9,97.1,25927,0.2,19062.9,0.5,42.5,57.0,4.1,31.6,64.3,4.2,95,95,4576.0,4826.0,-249.0,0.0,0.5,8.4,-1.2,1.8,0.2,24.8,5.9,0.0,0.0,31.0,157.7,69.2,69,45.4,34.2,1663,607,95.1,0.0,52.4,73.2,73.8,66.9,20.7,15.0,0.0,0.0,0.0,0.0,0.0,0.0,91.5,91.5
191,9,163610.0,11532,74.2,97.6,41199,0.8,3660.9,10.3,27.8,62.0,11.7,29.4,58.9,14.6,108,108,13483.0,19456.0,-5973.0,-3850.0,1.2,66.8,1.4,2.3,0.7,18.5,7.0,1.6,6.3,31.3,129.9,48.5,96,6.6,2.6,274,39,100.0,1.14,25.1,71.3,77.1,73.0,24.0,12.3,112.5,115.8,94.2,90.0,43.3,26.2,97.4,79.8
192,20,783562.0,80745,104.9,97.0,717888,4.0,9125.8,8.6,26.4,65.0,19.6,27.5,52.9,10.8,120,122,142606.0,198602.0,-55996.0,-32278.0,1.6,73.4,2.0,2.1,3006.3,12.6,5.4,1.7,4.8,14.9,96.0,53.7,388,15.1,4.5,1303,65,100.0,0.3,30.4,71.4,78.1,71.5,25.0,12.0,102.1,102.8,101.1,103.8,88.3,101.0,98.3,85.5
193,2,488100.0,5758,12.3,97.0,37597,6.5,6996.7,13.4,51.0,35.6,17.9,37.4,44.7,8.6,103,109,3741.0,2616.0,1125.0,-99.0,1.8,50.0,1.9,3.0,7.2,46.9,2.1,2.3,3.1,25.8,145.9,15.0,54,8.8,12.9,3270,212,0.0,0.07,47.3,77.7,70.8,63.9,30.9,7.3,88.6,90.1,83.7,86.9,6.2,9.7,0.0,0.0
194,0,948.0,35,37.3,104.1,863,4.1,25121.8,0.6,10.4,89.0,0.0,0.0,0.0,0.0,-99,-99,4.0,389.0,-385.0,-99.0,2.0,92.2,2.5,-99.0,0.0,-99.0,-99.0,-99.0,3.3,-99.0,-99.0,-99.0,60,36.2,6.1,0,86,0.0,-99.0,-99.0,0.0,77.8,75.8,19.2,7.6,-99.0,0.0,-99.0,0.0,-99.0,0.0,0.0,0.0
195,3,241550.0,42863,214.5,99.0,25282,5.4,647.7,25.6,21.5,52.9,72.0,7.4,20.5,2.4,93,90,2755.0,3750.0,-996.0,-2353.0,3.4,16.1,5.4,5.9,727.1,60.2,7.2,0.0,2.2,34.3,50.4,19.2,196,11.0,0.1,409,12,95.5,6.35,82.3,87.7,60.7,56.5,47.7,3.3,110.9,108.9,22.1,24.3,4.2,5.4,28.5,17.3
196,5,603500.0,44223,76.3,86.0,90615,-9.9,2021.6,14.0,26.3,59.7,15.7,24.6,59.7,8.8,137,137,36369.0,39184.0,-2815.0,-189.0,-0.5,69.7,-0.3,1.5,1644.8,8.8,7.1,3.0,5.9,12.3,144.0,49.3,102,16.6,5.1,3203,98,95.5,1.63,52.3,67.5,76.0,66.1,15.5,23.2,105.1,102.8,98.2,100.2,88.4,76.5,97.4,92.6
197,20,83600.0,9400,112.4,262.4,370296,3.8,40438.8,0.7,44.9,54.4,3.5,21.1,75.4,3.7,70,70,195613.0,201908.0,-6296.0,-99.0,2.0,85.5,2.9,1.8,1.3,6.2,3.6,1.6,-99.0,20.0,187.4,91.2,56,3.8,23.2,8642,366,99.6,-99.0,41.7,90.8,78.2,76.0,13.9,2.4,116.0,116.7,-99.0,0.0,-99.0,0.0,98.0,95.2
198,11,242495.0,66182,273.6,97.4,2858003,2.2,44162.4,0.7,19.4,79.9,1.2,18.4,80.4,5.0,108,108,415856.0,635570.0,-219713.0,-122571.0,0.6,82.6,0.9,1.9,151.7,4.1,9.1,2.8,5.7,30.0,125.8,92.0,102,12.9,6.5,4482,116,100.0,-99.0,57.0,68.6,82.8,79.0,17.7,23.9,108.1,108.4,130.4,125.3,64.1,49.0,99.1,99.6
199,3,947303.0,57310,64.7,97.8,45628,7.0,877.3,31.1,26.1,42.9,66.9,6.4,26.7,2.7,176,180,4742.0,7876.0,-3134.0,-3312.0,3.1,31.6,5.4,5.2,402.1,44.0,5.6,0.0,3.5,36.4,75.9,5.4,1082,52.4,0.2,935,20,77.2,5.85,73.9,83.2,64.8,60.8,44.9,4.7,82.9,80.5,30.8,33.7,2.5,4.9,31.3,8.3
200,10,9833517.0,324460,35.5,98.0,18036648,2.6,56053.8,1.0,19.7,79.3,1.5,17.2,81.3,4.9,111,113,1453167.0,2249661.0,-796494.0,-462961.0,0.7,81.6,1.0,1.9,616.5,6.0,17.1,2.6,5.4,19.1,117.6,74.6,1513,33.9,16.2,83887,289,99.4,-99.0,55.7,68.1,81.2,76.5,18.9,21.5,100.0,100.3,98.5,96.7,99.6,72.8,100.0,100.0
201,15,173626.0,3457,19.8,93.5,53442,1.0,15573.8,6.8,28.0,65.2,8.7,20.5,70.8,8.8,129,130,6964.0,8137.0,-1173.0,-1141.0,0.3,95.3,0.5,2.0,0.5,12.7,8.6,0.0,4.4,20.2,160.2,64.6,106,10.4,2.0,113,58,100.0,0.04,55.6,76.3,80.4,73.2,21.1,19.5,107.3,109.8,100.0,90.3,0.0,0.0,96.6,92.6
202,2,448969.0,31911,75.0,99.4,69004,6.8,2308.3,19.2,32.9,47.9,29.0,23.9,47.1,8.9,158,174,27947.0,25652.0,2295.0,-99.0,1.6,36.4,1.4,2.4,86.7,31.3,5.8,2.5,-99.0,16.0,73.3,42.8,59,7.6,3.6,2339,62,98.5,0.66,48.5,76.6,73.5,68.1,28.0,7.6,103.2,105.6,95.1,96.8,7.1,11.0,100.0,100.0
203,6,12189.0,276,22.7,102.4,737,-1.0,2783.0,26.7,8.4,64.9,61.4,6.8,31.8,5.3,123,122,50.0,416.0,-366.0,-82.0,2.3,26.1,3.4,3.4,0.0,24.3,5.0,0.2,5.5,0.0,66.2,22.4,137,36.1,0.6,1,12,98.9,12.32,61.7,80.5,73.6,69.4,35.9,6.7,118.7,120.6,56.4,53.4,0.0,0.0,65.1,55.4
204,15,912050.0,31977,36.3,99.0,344331,-6.2,11068.9,5.3,44.7,50.0,11.9,26.8,61.3,6.6,118,119,19731.0,16324.0,3407.0,-20360.0,1.4,89.0,1.5,2.4,174.2,13.8,5.3,0.0,0.0,22.2,93.0,61.9,328,53.1,6.1,7460,90,95.0,0.01,51.5,78.3,78.2,69.9,27.6,9.9,98.6,101.3,93.0,86.5,0.0,0.0,97.5,69.9
205,14,330967.0,95541,308.1,98.0,193241,6.7,2067.9,18.9,37.0,44.2,41.8,22.9,35.2,2.2,136,134,176632.0,174111.0,2520.0,906.0,1.1,33.6,3.0,2.0,11.0,19.3,7.1,1.2,5.7,26.7,130.6,52.7,616,47.2,1.8,2977,30,99.1,1.73,73.9,83.3,80.3,70.7,23.1,11.1,108.4,109.3,-99.0,0.0,28.9,28.8,94.4,69.7
206,20,527968.0,28250,53.5,102.1,29688,-28.1,1106.4,14.7,36.9,48.4,32.9,17.9,49.2,16.1,136,137,570.0,6861.0,-6291.0,-3026.0,2.6,34.6,4.0,4.4,3371.4,47.2,5.6,0.3,0.0,0.0,68.0,25.1,298,1.0,0.9,668,12,72.0,2.99,26.2,73.7,65.6,62.8,39.9,4.6,88.9,105.7,39.5,57.4,6.1,13.7,92.5,34.1
207,3,752612.0,17094,23.0,98.5,21255,2.9,1311.1,8.2,32.3,59.5,54.8,9.9,35.3,7.4,179,180,6505.0,7442.0,-937.0,-768.0,3.0,40.9,4.3,5.2,55.3,53.8,5.0,0.2,0.0,18.0,74.5,21.0,88,65.6,0.3,374,26,85.6,3.96,69.9,80.9,61.9,57.5,44.8,3.7,104.0,103.3,-99.0,0.0,3.4,4.5,55.6,35.7
208,3,390757.0,16530,42.7,95.0,13893,1.1,890.4,13.0,30.5,56.5,67.5,7.3,25.2,5.0,99,98,2832.0,5212.0,-2379.0,-1521.0,2.3,32.4,2.3,4.0,308.6,46.5,6.0,0.1,8.4,32.6,84.8,16.4,89,37.2,0.8,482,30,97.0,6.0,78.0,87.5,59.0,56.1,41.2,4.2,99.1,100.8,47.1,48.1,8.0,8.9,49.3,30.8
